id,country,city,currency,start_date,length,perc_complete,ribbon_cutting_time,end_yr,end_month,end_day,stations,cost
1,CN,Shucheng Chengguanzhen,CNY,5/3/1988,6659.182,74.47,NULL,2009,7,9,94,6956621
2,ID,Karangsari,IDR,12/8/1997,8599.551,81.84,NULL,2019,6,30,41,78558821
3,PH,Bolilao,PHP,7/12/1999,5541.586,65.91,NULL,2018,3,21,65,88026750
4,CN,Qijia,CNY,1/7/2011,2445.464,0.75,NULL,2020,3,19,120,4412502
5,JP,Mooka,JPY,7/6/2003,1590.65,22.71,NULL,1986,5,27,103,55940220
6,ZA,Kathu,ZAR,11/15/1993,3143.64,78.38,NULL,1994,6,18,59,32336108
7,ID,Karangtengah,IDR,11/9/2025,7213.777,47.97,NULL,1992,9,6,120,65826715
8,CN,Fenglin,CNY,3/27/2007,7800.147,92.04,2020-05-18 09:52:20 UTC,2020,4,3,90,5690318
9,NZ,Tairua,NZD,7/17/2018,8735.439,59.12,NULL,1993,10,20,36,85061537
10,FR,Avignon,EUR,5/29/2022,10517.944,55.63,NULL,2029,12,11,56,86012989
11,PL,Domaniewice,PLN,5/14/1986,1630.911,27.22,NULL,2015,10,14,118,28085346
12,PH,Tubigan,PHP,2/27/1983,5494.636,9.58,NULL,2003,12,2,5,32970385
13,ID,Desa Borogojol,IDR,12/28/1984,87.182,53.04,NULL,2026,11,2,25,22507555
14,ID,Fatumnasi,IDR,5/20/1999,3640.502,46.27,NULL,2021,5,30,22,42056799
15,DE,Bremen,EUR,4/5/2024,5283.185,95.77,1998-05-23 08:44:06 UTC,1998,4,8,27,13279743
16,PH,Port Barton,PHP,3/4/2002,8687.267,91.06,2014-01-07 07:58:52 UTC,2013,11,23,31,16452991
17,CN,Wupu,CNY,8/7/1983,11252.842,12.75,NULL,2009,10,4,59,80027358
18,CN,Zhanjiang,CNY,4/22/2020,3407.88,85.34,1992-06-05 21:38:55 UTC,1992,4,21,8,69788884
19,CN,Yangying,CNY,11/22/2008,2262.19,44.04,NULL,2010,9,29,37,3527607
20,CN,Dengjia,CNY,10/23/1992,11736.68,37.42,NULL,2029,11,6,47,3914598
21,ID,Bendo,IDR,7/29/1988,6825.638,74.62,NULL,2024,12,15,60,45395873
22,CL,Viña del Mar,CLP,2/20/2003,8302.638,18.16,NULL,2028,7,27,116,45181797
23,DE,Bochum,EUR,4/5/2021,9273.3,1.55,NULL,1995,9,4,22,79637899
24,UA,Kirovs’k,UAH,2/22/2011,3136.588,76.36,NULL,2005,6,15,28,31312885
25,SE,Köpingsvik,SEK,7/19/1989,11059.74,73.79,NULL,1990,3,15,47,52718161
26,ES,Leon,EUR,4/8/1993,4615.906,10.74,NULL,1988,4,9,42,38501039
27,PL,Kowale Oleckie,PLN,4/21/1984,7795.028,6.01,NULL,2018,12,24,42,77697743
28,AR,Carlos Casares,ARS,12/18/1982,4477.25,6,NULL,2021,12,20,21,74386144
29,MX,La Huerta,MXN,7/6/1991,8973.006,69.97,NULL,2013,6,7,14,54766343
30,CO,Guamal,COP,9/21/2001,6296.893,91.17,2013-11-18 19:04:59 UTC,2013,10,4,118,19773075
31,PH,Mabini,PHP,8/7/2008,8976.577,39.8,NULL,1993,7,20,105,10094491
32,CN,Muyuzi,CNY,9/29/2017,609.275,94.01,1990-09-27 02:30:55 UTC,1990,8,13,85,52310301
33,AM,Dashtavan,AMD,6/15/2007,12152.581,72.14,NULL,2027,5,3,114,13705945
34,CN,Tielu,CNY,8/1/1993,6151.979,36.16,NULL,2020,1,22,54,83046399
35,GT,Sibinal,GTQ,3/5/2016,3300.464,41.54,NULL,2014,5,15,65,19210136
36,GR,Ilioúpoli,EUR,1/10/1998,2582.325,45.28,NULL,2000,6,10,16,825271
37,PE,San Felipe,PEN,8/2/2002,982.818,31.79,NULL,2028,11,13,53,54790094
38,AR,Villa Mercedes,ARS,9/25/1999,8730.482,53.44,NULL,2026,8,2,29,48525079
39,PH,Malibago,PHP,12/15/2019,5692.529,23.85,NULL,1995,2,22,53,89979059
40,JP,Bihoro,JPY,2/20/2000,7926.357,95.56,2027-02-03 22:36:36 UTC,2026,12,20,73,38695166
41,PH,Cagdianao,PHP,12/31/1999,8665.817,5.36,NULL,2024,3,30,3,1927034
42,TH,Mueang Suang,THB,4/9/1992,7896.873,39.21,NULL,1999,5,9,25,69852556
43,SE,Sundbyberg,SEK,3/2/1995,9930.417,73.83,NULL,2002,10,3,16,72258544
44,IE,Kanturk,EUR,9/9/2014,4200.325,44.46,NULL,1997,2,2,107,88186760
45,PT,Vila de Rei,EUR,8/4/1994,10595.882,16.09,NULL,2029,1,29,63,22494098
46,FR,Millau,EUR,11/13/1994,11349.278,79.81,NULL,2018,4,21,17,722316
47,JP,Yaita,JPY,4/3/1997,9541.748,21.38,NULL,1994,8,24,76,79045114
48,JO,Karak City,JOD,7/24/1985,10862.09,32.27,NULL,2027,10,30,97,16097445
49,CA,Gananoque,CAD,9/16/2021,4315.07,84.16,NULL,1984,10,8,27,11949775
50,CZ,Stará Huť,CZK,3/12/2018,5115.64,79.1,NULL,1993,11,25,68,51103530
51,CO,Cerrito,COP,7/10/1992,5698.902,58.46,NULL,2016,6,9,61,10164133
52,ID,Tobilolong,IDR,6/24/2024,11618.143,84.01,NULL,2019,11,13,113,25695485
53,CN,Zhougang,CNY,11/1/2021,8533.769,76.38,NULL,1987,2,16,52,35353684
54,SE,Alfta,SEK,2/19/1986,7229.477,95.13,2007-06-27 15:59:16 UTC,2007,5,13,118,7581129
55,YE,Maţarah,YER,3/18/2018,8202.535,55.6,NULL,2009,7,13,102,59311279
56,BR,Buíque,BRL,5/9/2020,7493.501,56.61,NULL,2005,11,5,56,70058044
57,CN,Nantuo,CNY,9/20/1990,11879.878,25.56,NULL,2016,9,16,98,36996057
58,SE,Solna,SEK,7/3/1990,11177.378,16.27,NULL,1995,12,13,108,51220160
59,PA,El Cortezo,PAB,6/22/2017,1383.752,66.52,NULL,2017,2,25,88,46157070
60,CN,Xiaolongmen,CNY,6/24/2022,11843.007,30.04,NULL,2029,4,19,117,84869587
61,HR,Pregrada,HRK,11/28/1998,11706.032,3.56,NULL,2024,3,19,99,44765282
62,PT,Belos Ares,EUR,9/19/2004,7064.87,87.68,2001-04-28 03:28:00 UTC,2001,3,14,87,48219906
63,HN,San Antonio,HNL,2/7/2001,4761.079,43.31,NULL,2016,11,12,33,79003033
64,NE,Tillabéri,XOF,12/28/2023,794.715,94.87,2013-01-10 02:41:32 UTC,2012,11,26,118,34460151
65,MU,Albion,MUR,1/22/2004,9079.447,6.34,NULL,2016,9,4,109,12583915
66,IL,Nazareth,ILS,10/5/1986,3672.615,52.36,NULL,1985,5,5,66,33640649
67,CN,Fengren,CNY,6/11/2006,2220.852,74.71,NULL,2025,1,13,19,6307917
68,BR,Caieiras,BRL,7/29/2013,2350.247,1.91,NULL,2015,10,23,47,40297311
69,ID,Ponggok,IDR,11/21/2018,8108.293,38.1,NULL,1999,11,18,49,71937746
70,TH,Amnat Charoen,THB,7/21/2011,10421.835,12.91,NULL,2000,6,6,16,46035789
71,CN,Yunji,CNY,1/26/2026,5708.916,57.63,NULL,1992,7,7,110,26189013
72,CN,Annan,CNY,11/28/1984,2741.927,32.89,NULL,2005,4,27,105,59472963
73,CN,Wushan,CNY,1/31/1998,9031.602,35.74,NULL,1987,6,4,2,41190872
74,RU,Kuvshinovo,RUB,3/5/2008,4844.71,61.81,NULL,2029,11,7,67,70921480
75,PH,Camias,PHP,11/4/2002,9236.74,3.08,NULL,1984,9,7,58,45153143
76,JP,Takefu,JPY,12/21/1992,5656.227,95.95,2028-07-17 21:29:33 UTC,2028,6,2,9,59651809
77,CA,St. Thomas,CAD,9/26/1993,924.49,92.02,1987-08-08 15:11:28 UTC,1987,6,24,64,21071311
78,SE,Finspång,SEK,1/29/2021,6550.347,83.53,NULL,1995,3,31,57,60160866
79,JP,Tajimi,JPY,7/26/2011,11788.199,56.49,NULL,2003,6,3,60,22740753
80,CN,Xing’an,CNY,9/6/1992,771.43,85.31,1996-08-29 16:52:15 UTC,1996,7,15,26,60486391
81,PT,Telheira,EUR,10/6/2012,445.127,47.45,NULL,2014,11,21,53,54852411
82,CN,Yuntan,CNY,8/6/2001,205.775,29.92,NULL,2016,4,21,109,40589749
83,CN,Zudun,CNY,1/6/1992,719.779,82.54,NULL,2014,3,1,50,89862800
84,CN,Yangjiao,CNY,10/12/2003,4138.901,63.52,NULL,1993,5,12,78,20298134
85,PT,Marinhais,EUR,12/14/2023,10807.709,2.63,NULL,2006,4,25,2,41056785
86,SH,Edinburgh of the Seven Seas,SHP,9/8/2024,3132.681,70.95,NULL,1988,2,1,47,57118535
87,IE,Killorglin,EUR,8/2/1983,2797.885,93.44,2026-11-24 16:49:01 UTC,2026,10,10,116,86863065
88,RU,Egvekinot,RUB,3/26/1988,4309.108,20.63,NULL,1996,1,2,11,73985996
89,CN,Yixingfu,CNY,4/28/1993,6106.546,88.65,2022-07-04 20:05:59 UTC,2022,5,20,42,19854692
90,CN,Chengui,CNY,9/23/2021,11912.638,67.21,NULL,2008,6,8,21,37797200
91,CN,Wanmao,CNY,7/27/2022,7490.895,59.71,NULL,2018,12,21,57,10889099
92,US,Reno,USD,10/29/2014,4413.829,42.93,NULL,1993,10,14,81,35756959
93,US,Saint Petersburg,USD,7/24/2007,3439.171,85,2021-02-20 18:27:50 UTC,2021,1,6,84,36529350
94,PH,Limanancong,PHP,3/15/1996,3332.472,87.77,1994-12-15 19:38:10 UTC,1994,10,31,17,54040671
95,UG,Bweyogerere,UGX,1/30/2014,668.474,93.5,2002-03-06 23:10:07 UTC,2002,1,20,68,74932631
96,CN,Xialiao,CNY,10/5/2013,5128.566,50.68,NULL,2014,6,24,30,31784745
97,ID,Rukem,IDR,2/8/1984,4826.291,82.06,NULL,2019,7,6,80,84212833
98,RU,Georgiyevsk,RUB,8/10/2006,7488.905,43.42,NULL,2021,6,13,69,31045484
99,SE,Stockholm,SEK,10/30/2020,1603.396,55.93,NULL,1987,7,9,34,60700587
100,MX,5 de Mayo,MXN,7/27/1988,1308.384,6.34,NULL,2009,3,3,90,27691687
101,ID,Gawanan,IDR,11/24/1983,1072.522,79.21,NULL,2003,11,21,24,52002791
102,TG,Tsévié,XOF,9/29/2004,11295.257,5.53,NULL,2013,4,18,43,24162632
103,CN,Longchi,CNY,4/6/1989,10637.881,72.66,NULL,2002,1,4,43,88032113
104,ZA,Delareyville,ZAR,6/4/2021,6786.869,40.59,NULL,2016,9,28,100,89592760
105,UA,Komyshuvakha,UAH,2/18/1998,2384.79,17.75,NULL,1994,5,4,4,45972328
106,PE,La Unión,PEN,5/28/1999,4381.763,46.1,NULL,1998,6,10,90,46532778
107,VN,Thị Trấn Sìn Hồ,VND,12/30/1999,9790.211,75.44,NULL,2017,5,16,79,19304036
108,CN,Dongxing,CNY,10/6/1985,10730.525,83.53,NULL,2019,12,14,35,16055676
109,ID,Kelapa,IDR,12/30/2006,12244.856,76.63,NULL,1995,2,24,9,10574877
110,CN,Dinggou,CNY,3/21/2003,9244.527,12.7,NULL,1997,5,17,110,64389660
111,CN,Yujin,CNY,1/14/2022,11227.43,16.58,NULL,1988,4,26,9,13031432
112,CZ,Pecka,CZK,12/17/1997,3536.085,11.88,NULL,1988,11,9,93,51636770
113,UA,Kostryzhivka,UAH,10/14/2010,5667.087,68.82,NULL,1993,1,19,5,65341360
114,PH,Bilao,PHP,5/4/2015,1796.485,58.09,NULL,2016,2,8,119,73033268
115,PK,Vihāri,PKR,9/24/1990,4059.615,6.99,NULL,1996,10,3,46,79150680
116,PL,Chojnów,PLN,7/31/1988,2065.348,0.2,NULL,2013,6,12,88,78255200
117,CZ,Česká Skalice,CZK,3/27/2022,3476.606,82.32,NULL,2015,5,4,83,88762409
118,RU,Ilovlya,RUB,7/4/2005,258.938,10.31,NULL,2015,6,21,86,58554731
119,CN,Danglang Hudong,CNY,12/17/1991,3531.367,14.78,NULL,2016,8,13,89,56312140
120,CN,Changma,CNY,2/13/2001,9729.85,60.04,NULL,2002,10,10,30,26072296
121,PH,Pancol,PHP,11/15/2011,926.141,83.49,NULL,2002,3,29,49,43339409
122,GR,Papágou,EUR,1/1/1989,10875.981,27.75,NULL,1994,3,1,115,36597302
123,RU,Perelyub,RUB,4/22/1999,2553.396,70.29,NULL,2015,10,13,70,72205815
124,BR,Biguaçu,BRL,12/6/2004,6271.143,76.4,NULL,1992,8,7,100,18534962
125,CA,Concord,CAD,12/31/2007,223.805,21.01,NULL,2021,12,21,33,77136166
126,US,Virginia Beach,USD,7/25/2023,10308.697,64.01,NULL,2020,6,19,78,52056460
127,CA,Rocky Mountain House,CAD,5/22/1984,5672.753,24.73,NULL,2012,8,11,116,25676269
128,SD,Al Qadarif,SDG,7/18/2001,2628.467,64.33,NULL,1999,10,21,78,71965914
129,RU,Argayash,RUB,10/26/2006,9475.426,27.62,NULL,2008,9,2,85,9449085
130,CZ,Velká Bíteš,CZK,12/23/2019,11374.559,31.63,NULL,1990,11,19,77,86674832
131,RU,Rostov,RUB,10/21/1996,3197.382,18.88,NULL,1989,9,19,34,12316199
132,FR,Pau,EUR,2/25/2019,5269.598,2.56,NULL,1991,3,25,49,73084071
133,PH,Silae,PHP,11/18/2006,1862.496,36.95,NULL,2004,1,24,50,1758625
134,CO,La Tola,COP,4/4/2003,8230.858,74.05,NULL,2018,5,3,50,71767581
135,CN,Huangrangping,CNY,6/3/2023,4125.775,55.24,NULL,2022,4,10,115,72011132
136,IR,Kermānshāh,IRR,7/24/2017,956.476,37.34,NULL,1997,2,1,32,54325073
137,TH,Nong Bua Lamphu,THB,10/20/2024,3824.752,6.52,NULL,1984,11,1,87,592163
138,MN,Nogoonnuur,MNT,5/7/2022,4434.634,55.64,NULL,1986,2,14,37,17642763
139,BA,Varoška Rijeka,BAM,6/7/2000,626.667,51.63,NULL,2008,5,30,14,88349405
140,SV,El Rosario,USD,6/18/2004,7649.144,12.38,NULL,1991,9,22,91,38162743
141,PT,A-da-Gorda,EUR,10/25/1997,10046.534,92.42,2009-04-21 12:58:32 UTC,2009,3,7,27,70329663
142,PH,Manoc-Manoc,PHP,11/1/1999,744.656,9.46,NULL,2017,5,19,59,69786425
143,CN,Xianhe,CNY,1/7/1995,2292.77,72.32,NULL,2014,8,21,45,72465779
144,BR,Indaial,BRL,3/1/2012,6863.745,75.12,NULL,2023,10,8,104,3569117
145,ID,Parakanhonje Wetan,IDR,11/27/2009,10859.356,22.56,NULL,2000,10,19,35,2125877
146,FR,Palaiseau,EUR,9/8/2008,7565.62,21.63,NULL,2025,1,28,70,49987047
147,GB,Liverpool,GBP,10/23/1998,11154.965,26.32,NULL,2027,12,2,77,10623506
148,PH,Tagoloan,PHP,2/11/2003,989.245,47.38,NULL,2011,10,30,9,56732679
149,ID,Ardirejo,IDR,5/1/1999,3840.972,93.96,2000-10-18 12:00:20 UTC,2000,9,3,104,35783325
150,CN,Xiheshan,CNY,11/6/1997,11824.74,35.99,NULL,2019,9,6,29,46410798
151,RU,Borgustanskaya,RUB,4/17/2018,4853.339,0.94,NULL,1998,10,29,25,45717590
152,CN,Huazangsi,CNY,8/25/1995,9723.34,62.15,NULL,2010,12,11,88,38805303
153,CN,Huomachong,CNY,4/6/1985,11965.039,1.15,NULL,2001,10,16,104,25069906
154,TN,El Hamma,TND,12/30/2024,3484.647,7.41,NULL,2008,7,19,29,73323580
155,US,Tacoma,USD,4/26/1991,9762.034,44.8,NULL,2018,10,21,58,77111188
156,KR,Su-dong,KRW,5/24/2000,1224.23,58.45,NULL,2009,7,13,94,70916806
157,MX,Vista Hermosa,MXN,8/11/2017,5697.891,90.43,2010-07-04 14:38:08 UTC,2010,5,20,110,88327338
158,PA,Narganá,PAB,3/6/2015,4488.245,60.11,NULL,2020,1,16,98,59944115
159,GR,Saronída,EUR,9/25/1986,8164.039,56.12,NULL,2017,9,9,18,52746634
160,SE,Uppsala,SEK,7/31/2025,10572.556,4.55,NULL,1985,8,22,13,15972552
161,CN,Shigu,CNY,11/11/2018,6406.763,40.22,NULL,1985,11,14,58,59546764
162,CN,Guodu,CNY,5/2/2013,9923.72,46.36,NULL,2002,10,20,8,56814984
163,PH,Magalalag,PHP,12/8/1982,3559.115,43.86,NULL,2024,3,31,94,77316007
164,ID,Nangalimang,IDR,2/6/2003,1933.642,89.22,2013-09-29 15:33:54 UTC,2013,8,15,104,70322539
165,BO,Vallegrande,BOB,1/27/1984,3909.936,15.88,NULL,1992,3,22,32,39974857
166,PL,Boniewo,PLN,6/19/2013,4534.556,44.44,NULL,2023,7,12,43,38423478
167,CR,Matina,CRC,5/21/1991,11348.158,2.04,NULL,1998,2,8,103,83154749
168,CN,Hepingyizu,CNY,8/29/2024,278.345,57.79,NULL,2023,10,19,117,86008981
169,CN,Hanting,CNY,9/12/1994,2232.687,21.32,NULL,2009,12,7,86,23568065
170,PL,Puńsk,PLN,11/12/1995,10812.864,88.83,2029-03-27 20:45:39 UTC,2029,2,10,70,64965787
171,CD,Matadi,CDF,1/22/1996,1679.872,49.28,NULL,1997,11,21,62,41346041
172,EC,Azogues,USD,7/24/1992,4930.435,10.72,NULL,2029,1,4,54,75417443
173,ID,Cibungur,IDR,4/21/2001,782.394,51.86,NULL,1997,12,3,119,894997
174,PH,Harrison,PHP,10/23/1997,2277.323,82.22,NULL,2020,8,26,81,32263055
175,AR,Avellaneda,ARS,3/18/1999,4482.949,34.44,NULL,1995,4,9,105,18054897
176,BY,Tsimkavichy,BYR,7/14/2000,11045.022,29.02,NULL,2008,9,9,55,87807319
177,ID,Tempel,IDR,10/27/1993,11114.226,95.74,1987-11-08 21:14:52 UTC,1987,9,24,25,2058528
178,SD,Nyala,SDG,1/27/2007,11885.251,83.51,NULL,1999,9,2,75,78430895
179,CN,Bajing,CNY,6/15/2001,11369.111,74.07,NULL,2022,2,15,88,11482971
180,KZ,Bayanaūyl,KZT,3/24/1984,3707.142,72.23,NULL,2003,11,2,45,83046696
181,CL,Valdivia,CLP,7/9/2025,214.212,75.48,NULL,2007,8,23,90,57486355
182,BY,Ivanava,BYR,5/2/2014,10728.347,77.33,NULL,1991,8,19,13,58476326
183,US,Portland,USD,9/14/2002,4657.536,7.6,NULL,1988,9,10,83,48793532
184,ID,Curuggoong,IDR,10/17/2001,8405.357,82.22,NULL,2012,3,5,98,57332778
185,BR,Lagoa Vermelha,BRL,4/9/2015,5679.048,34.04,NULL,2010,6,13,61,16832100
186,HR,Runović,HRK,12/5/2018,8857.065,7.81,NULL,1986,12,23,45,53535339
187,US,San Jose,USD,10/27/2000,8728.942,74.77,NULL,1995,10,22,58,9876444
188,CN,Jiangzhang,CNY,2/8/1987,7678.026,56.26,NULL,2015,12,28,65,25671118
189,CN,Gucheng,CNY,1/13/1992,11286.608,96.89,1987-06-26 11:36:37 UTC,1987,5,12,47,84296372
190,CA,Beaconsfield,CAD,1/13/1985,11409.68,39.49,NULL,1989,3,4,72,13226554
191,PH,Liboran,PHP,12/7/2024,10374.206,10.75,NULL,1985,2,26,23,45210837
192,CN,Xinxiang,CNY,6/17/1998,5163.877,24.63,NULL,2024,3,5,15,80387645
193,ID,Cigadog,IDR,6/1/2010,2562.206,40.63,NULL,2011,1,5,108,7342082
194,UA,Berezne,UAH,5/5/2002,12192.22,97.9,1999-10-03 19:36:17 UTC,1999,8,19,111,35190333
195,FI,Pöytyä,EUR,8/5/2001,2764.937,74.57,NULL,2002,12,1,19,62665032
196,CN,Xumu,CNY,11/23/1983,7889.946,16.12,NULL,2018,7,31,93,46133614
197,PL,Krosno Odrzańskie,PLN,3/7/2003,5502.163,20.53,NULL,2003,5,20,76,61616298
198,ZA,Kroonstad,ZAR,6/26/2014,7317.987,44.96,NULL,2024,10,14,86,65959096
199,RU,Suzëmka,RUB,6/22/2011,6546.648,34.1,NULL,1998,4,27,35,75592451
200,CN,Mishixiang,CNY,8/16/2013,762.289,0.95,NULL,2029,6,20,63,4409896
201,IR,Ardabīl,IRR,6/3/1991,790.822,56.73,NULL,1997,7,18,14,23832286
202,FR,Nanterre,EUR,10/2/2014,6950.796,95.71,1995-07-22 11:07:24 UTC,1995,6,7,59,45142659
203,PH,Umingan,PHP,6/12/2011,9903.256,4.36,NULL,1992,6,17,59,85459939
204,RU,Tavricheskoye,RUB,12/22/2006,3776.09,92.55,2017-11-24 06:25:07 UTC,2017,10,10,78,81007431
205,CN,Shuanglong,CNY,4/20/1985,4212.268,44.12,NULL,2018,7,12,68,60283900
206,SE,Uppsala,SEK,2/3/2017,10507.887,43.91,NULL,2005,2,8,61,23135324
207,HR,Turanj,HRK,3/15/1991,10323.219,75.97,NULL,1985,1,3,38,75465288
208,PT,São Bartolomeu,EUR,3/7/2006,5812.839,79.78,NULL,1988,10,8,108,60983676
209,GR,Selianítika,EUR,8/30/1989,3204.62,55.83,NULL,2023,1,1,27,55258550
210,RU,Oranzherei,RUB,5/29/2014,12238.003,66.54,NULL,1996,6,13,55,12817995
211,HR,Marčelji,HRK,11/25/2015,9128.227,51.73,NULL,2020,5,26,97,58913341
212,CN,Dinggou,CNY,2/9/1992,2343.129,89.75,2027-01-30 13:38:00 UTC,2026,12,16,77,8108838
213,BA,Maglaj,BAM,9/7/2001,8056.781,36.73,NULL,1984,8,25,98,53437506
214,CZ,Nový Bydžov,CZK,2/28/2003,3516.799,11.23,NULL,2023,10,30,105,89183421
215,SV,San Agustín,USD,6/13/2017,6933.558,10.33,NULL,1994,2,6,8,62590852
216,CN,Jiangwei,CNY,4/2/2010,8036.251,41.84,NULL,2012,8,6,46,26049336
217,PH,Botigues,PHP,10/12/2013,4655.965,85.45,2028-01-26 21:54:22 UTC,2027,12,12,67,83229089
218,GR,Loukísia,EUR,10/3/1992,10160.4,48.38,NULL,1992,8,25,25,72586250
219,MA,Talmest,MAD,6/15/2007,7954.344,12.8,NULL,2013,2,5,110,50651275
220,ID,Cikeper,IDR,9/26/2004,347.875,42.9,NULL,2003,7,29,14,33742230
221,ID,Mojogajeh,IDR,8/6/2004,3464.562,48.08,NULL,2028,11,14,36,38313199
222,ID,Cikulahan,IDR,4/29/2003,913.691,19.8,NULL,2007,9,19,120,88464815
223,CN,Hekou,CNY,11/12/2002,10061.526,98.31,1996-11-20 06:48:05 UTC,1996,10,6,79,18067654
224,CO,Villanueva,COP,11/13/2025,4536.772,61.21,NULL,2000,10,11,72,67796835
225,ID,Paka,IDR,2/24/2001,4257.761,70.17,NULL,1998,7,23,89,10656670
226,RU,Tosno,RUB,8/18/1988,7705.123,5.69,NULL,1990,1,25,99,64006562
227,ID,Ciwaru,IDR,7/30/2022,2860.752,71.58,NULL,2002,3,23,42,86565797
228,CN,Hor,CNY,12/2/2007,3195.105,82.88,NULL,2013,4,27,120,61190323
229,CN,Beitan,CNY,11/20/1988,8107.857,31.83,NULL,1990,9,6,23,41367210
230,GR,Avlónas,EUR,3/11/1995,8215.15,17.87,NULL,2028,9,25,99,12286743
231,BR,Planaltina,BRL,12/30/2001,9164.489,54.48,NULL,2006,2,7,41,43858261
232,LB,Marjayoûn,LBP,10/2/1985,5137.846,65.07,NULL,2010,5,15,14,15221608
233,MN,Зуунмод,MNT,4/5/2004,5312.738,75.54,NULL,1997,1,27,78,3618040
234,PT,Corticeiro de Baixo,EUR,5/29/1999,6515.662,79.5,NULL,2018,8,28,75,20679511
235,CN,Jiangluo,CNY,7/27/1990,5456.937,0.32,NULL,2022,11,4,117,460003
236,CN,Chashan,CNY,12/12/2004,7359.299,87.34,1990-08-09 11:27:25 UTC,1990,6,25,99,45080953
237,CN,Mafeng,CNY,5/27/2013,6943.505,51.61,NULL,2000,11,19,92,22051090
238,TH,Ban Dung,THB,5/19/2024,11826.227,42.98,NULL,2005,5,29,58,30147360
239,PE,Huata,PEN,10/1/2017,6796.886,68.52,NULL,2020,5,29,75,12906435
240,BR,Leopoldina,BRL,11/3/2025,10775.745,18.76,NULL,2001,8,2,24,84116886
241,CN,Sankeng,CNY,7/17/2025,5086.45,25.61,NULL,1989,3,3,90,7512291
242,PK,Gujrāt,PKR,1/26/2021,11919.075,56.32,NULL,2019,11,28,115,85986013
243,RS,Prokuplje,RSD,11/10/1998,4460.314,38.08,NULL,1999,2,5,31,63594289
244,ID,Birsa,IDR,7/17/1990,11931.678,43.07,NULL,1999,12,20,52,59667776
245,UA,Bilozerka,UAH,7/2/2011,10151.975,2.5,NULL,1985,5,31,98,73521641
246,GR,Varnávas,EUR,10/29/2002,3317.507,54.38,NULL,2022,1,17,11,72147014
247,ID,Babakan,IDR,5/25/2007,4767.482,82.46,NULL,2024,1,19,39,1694124
248,FR,Rennes,EUR,6/24/1982,8274.221,13.4,NULL,2023,3,9,26,46810477
249,RU,Uvarovo,RUB,4/14/1993,666.493,34.58,NULL,2002,1,8,34,6117318
250,UA,Verkhniy Rohachyk,UAH,3/25/2014,2313.595,82.05,NULL,2004,8,19,42,69799249
251,ID,Ciherang,IDR,1/29/2003,4824.287,74.75,NULL,2011,1,3,9,39801888
252,CN,Tianxin,CNY,3/5/2021,9174.287,100,2026-04-11 06:57:45 UTC,2026,2,25,72,54685721
253,NG,Maiyema,NGN,7/11/2013,4033.619,54.66,NULL,1992,11,6,66,22903325
254,US,Santa Rosa,USD,12/4/2013,3378.646,94.8,2008-09-21 01:56:39 UTC,2008,8,7,67,24819004
255,SI,Ruše,EUR,5/7/1997,12087.808,98.66,1994-11-11 15:49:36 UTC,1994,9,27,33,50724652
256,ID,Temenggungan,IDR,3/27/2019,5999.026,72.37,NULL,2027,1,17,29,76641531
257,CN,Siqu,CNY,11/11/2014,5505.913,48.98,NULL,2010,2,5,11,62492858
258,FR,Rungis,EUR,12/17/1988,7767.335,78.1,NULL,2007,10,13,63,82397143
259,MX,Roma,MXN,4/17/2023,11631.765,67.96,NULL,2007,4,14,45,48839111
260,CN,Jielin,CNY,7/18/1993,8880.192,92.72,1988-10-16 14:01:47 UTC,1988,9,1,93,47735952
261,DE,Halle,EUR,6/4/1986,9139.836,15.43,NULL,1986,2,18,76,30505382
262,GT,San José Poaquil,GTQ,12/30/2020,578.671,2.91,NULL,2005,3,4,107,69226571
263,ID,Bunigeulis,IDR,6/4/2022,5946.35,30.69,NULL,2015,9,10,95,71393234
264,PK,New Mīrpur,PKR,3/20/2002,9485.386,55.29,NULL,1986,5,1,113,42265334
265,KN,Nicola Town,XCD,7/5/1997,4323.816,91.17,2010-01-06 15:28:54 UTC,2009,11,22,71,62764197
266,RU,Issad,RUB,6/8/1994,8867.787,99.02,2014-06-21 11:52:13 UTC,2014,5,7,97,63965331
267,ID,Sumberbatas,IDR,8/26/1983,896.462,78.16,NULL,2023,4,2,95,50457857
268,RU,Zavidovo,RUB,5/20/1995,10807.189,68.23,NULL,1992,2,6,44,85651113
269,RU,Rudnichnyy,RUB,5/12/2008,1361.886,14.9,NULL,2022,6,17,13,88360726
270,RU,Belyye Stolby,RUB,3/12/1994,8185.629,55.6,NULL,1997,6,15,114,10503992
271,FR,Paris 20,EUR,6/21/1997,9853.46,64.03,NULL,1988,5,28,62,37241287
272,CN,Maintang,CNY,9/1/2017,10159.067,46.93,NULL,2021,10,19,72,63692893
273,RU,Kubachi,RUB,4/30/2003,10041.316,1.26,NULL,2005,2,25,15,29462941
274,ID,Bunigeulis,IDR,11/8/1990,1930.05,95,2006-12-29 07:16:34 UTC,2006,11,14,55,59373185
275,ID,Pakel,IDR,8/7/1993,10527.577,76.15,NULL,2017,7,4,74,52951211
276,PL,Goczałkowice Zdrój,PLN,3/4/2024,8033.344,18.28,NULL,1995,4,11,78,85228405
277,ID,Sale,IDR,10/13/2023,8690.335,71.01,NULL,1993,9,24,82,9944290
278,PL,Jadowniki,PLN,7/25/2011,10663.929,1.85,NULL,2028,1,13,12,81419734
279,AM,Kasakh,AMD,1/8/1985,467.593,94.01,2015-06-05 07:14:08 UTC,2015,4,21,60,42000135
280,RU,Siva,RUB,2/17/2001,6758.342,8.75,NULL,2010,5,2,104,31137127
281,PH,Siay,PHP,9/27/2019,1835.389,34.71,NULL,2028,6,4,57,18005348
282,CZ,Červené Pečky,CZK,8/3/2020,2828.552,15.54,NULL,2013,11,20,19,47537242
283,CN,Chikan,CNY,3/6/2021,671.73,79.09,NULL,2009,8,9,116,57127400
284,PH,Babug,PHP,2/11/1989,6060.367,46.25,NULL,2027,10,1,66,2306177
285,PL,Drawsko Pomorskie,PLN,12/8/1984,8398.046,91.3,2004-05-11 14:49:33 UTC,2004,3,27,116,84188944
286,ID,Lodan Wetan,IDR,6/18/2007,9859.268,8.45,NULL,1998,10,4,12,78675440
287,US,Ogden,USD,7/2/2005,2141.35,49.52,NULL,1994,3,24,31,16385608
288,ID,Kawengan,IDR,6/21/1987,11818.516,0.08,NULL,1998,7,14,115,58607107
289,ID,Maguan,IDR,12/10/1982,9754.983,87.29,1999-04-07 13:25:21 UTC,1999,2,21,93,18021934
290,AF,‘Alāqahdārī Gēlān,AFN,10/22/2016,710.146,37.47,NULL,2024,5,7,66,87857382
291,ID,Bojong,IDR,9/5/1983,4343.95,30.18,NULL,2021,3,11,23,12794481
292,CN,Xujiaqiao,CNY,8/17/1987,2825.754,0.83,NULL,1985,10,5,43,88720690
293,SI,Hrastnik,EUR,10/28/2001,7863.206,1.13,NULL,2007,12,31,108,64362857
294,BR,Imbituva,BRL,11/18/1991,7390.189,11.84,NULL,2006,7,18,27,69568814
295,ID,Karang,IDR,6/11/2024,4671.523,8.05,NULL,2002,12,7,31,83713317
296,RU,Vykhino-Zhulebino,RUB,7/14/2012,10265.45,63.55,NULL,2009,6,12,62,24537691
297,ID,Bangekdewa,IDR,9/26/1993,9776.679,85.13,2021-06-20 22:32:13 UTC,2021,5,6,80,53239821
298,PL,Kowala,PLN,6/24/1985,8794.828,43.18,NULL,1995,1,19,118,24403436
299,ID,Mulyosari,IDR,10/17/1988,7961.386,98.15,2014-10-13 18:32:01 UTC,2014,8,29,95,89310957
300,PL,Kaczory,PLN,10/19/1990,10660.498,40.97,NULL,2022,11,5,21,22398957
301,AR,Villa Las Rosas,ARS,9/13/2014,1304.128,38.44,NULL,2029,5,11,42,2249958
302,AR,Santa Fe de la Vera Cruz,ARS,12/5/2019,2998.084,67.14,NULL,2018,7,12,98,84139240
303,MW,Blantyre,MWK,6/27/2005,7665.564,89.52,2021-04-01 16:29:27 UTC,2021,2,15,18,21403687
304,FR,Villeneuve-d'Ascq,EUR,9/21/2006,4563.142,52.45,NULL,1985,2,28,112,27556290
305,CA,Notre-Dame-de-l'Île-Perrot,CAD,2/19/2017,12117.034,55.88,NULL,2008,9,1,106,8678014
306,RU,Vostochnyy,RUB,5/28/2002,2356.449,76.42,NULL,2013,10,3,117,58253069
307,RU,Voronezh,RUB,8/18/2007,112.879,12.29,NULL,1992,7,8,59,81780943
308,ID,Cimanggu,IDR,1/10/1986,6998.186,9.58,NULL,2005,8,10,98,86333538
309,ID,Rancabuaya,IDR,4/28/1986,5353.385,2.07,NULL,2014,12,21,36,23930341
310,FR,Nuits-Saint-Georges,EUR,6/26/1995,8035.472,93.52,2019-02-03 17:34:56 UTC,2018,12,20,101,18916498
311,ID,Karangpawitan,IDR,12/4/1990,8561.878,98.04,2012-02-13 16:41:30 UTC,2011,12,30,107,15446409
312,PA,Las Tablas,PAB,1/1/1999,9609.611,40.44,NULL,2026,4,29,64,12310947
313,ID,Pasirhuni,IDR,12/6/2003,6383.537,74.74,NULL,2021,4,23,117,24641236
314,IL,Rosh Ha‘Ayin,ILS,1/1/2006,7029.179,60.69,NULL,1988,10,1,101,28394297
315,SE,Sunne,SEK,6/15/1992,7773.042,13.24,NULL,2007,12,29,81,28827088
316,CY,Kato Pyrgos,EUR,12/16/2011,243.081,5.07,NULL,1992,7,15,95,59339862
317,CN,Wumahe,CNY,12/20/1995,227.978,55.14,NULL,1998,4,2,70,39347321
318,CA,Grand Bank,CAD,3/2/1999,7709.621,90.98,1995-10-14 20:16:56 UTC,1995,8,30,84,38898343
319,ID,Wonosari,IDR,8/12/1984,1406.524,61.73,NULL,1994,8,16,92,73488837
320,FI,Yläne,EUR,8/21/1986,2908.051,54.11,NULL,2017,7,15,84,78005392
321,VN,Nam Sách,VND,9/12/2025,1053.341,35.52,NULL,2021,6,29,110,80302509
322,ID,Kembangan,IDR,5/7/2009,9486.116,76.6,NULL,2023,5,16,112,27890376
323,CN,Changtan,CNY,1/28/2011,116.226,37.02,NULL,1985,4,20,21,24569258
324,CN,Gongchang Zhen,CNY,7/7/2013,8969.063,53.6,NULL,1985,12,3,59,77858724
325,MX,Bellavista,MXN,3/13/1988,2026.873,63.47,NULL,2005,6,15,89,75170084
326,PT,Eirado,EUR,3/12/2024,7545.477,86.04,1988-10-04 06:32:39 UTC,1988,8,20,47,56655209
327,PL,Nowy Dwór Mazowiecki,PLN,9/6/1987,10482.162,77.16,NULL,2007,2,12,13,1764443
328,CN,Dao’er,CNY,2/14/2025,10875.144,0.89,NULL,2017,9,26,4,1235988
329,PH,Concordia,PHP,2/1/1997,2479.935,74.86,NULL,2011,8,3,10,75354734
330,FI,Lapinjärvi,EUR,4/21/2007,6088.162,73.09,NULL,1989,12,22,45,56787419
331,US,Portland,USD,7/25/2017,10198.4,76.76,NULL,1986,6,6,98,49485765
332,PA,Los Algarrobos,PAB,1/29/2024,1498.874,44.66,NULL,1992,12,28,44,55316245
333,CN,Shouchun,CNY,5/14/2012,3262.521,50.98,NULL,2004,11,8,67,598763
334,MX,Santa Anita,MXN,1/13/2024,3006.033,38.55,NULL,2014,3,14,119,28976002
335,PT,Couço,EUR,8/30/1991,5119.006,25.14,NULL,2016,5,10,61,33463553
336,PH,Ilangay,PHP,1/21/2004,4466.014,87.83,2004-12-16 00:33:57 UTC,2004,11,1,59,29676441
337,CN,Miaogou,CNY,7/24/2007,10931.806,12.36,NULL,2018,9,15,24,60788311
338,SE,Kumla,SEK,10/25/1994,862.888,32.97,NULL,2019,2,4,70,30190765
339,CN,Zhuangbu,CNY,9/19/2024,6595.715,34.13,NULL,2025,9,11,7,38058704
340,PS,Ḩuwwārah,ILS,1/18/2006,2683.355,26.76,NULL,2000,4,7,102,27771818
341,CN,Shaxi,CNY,10/20/2002,9130.815,52.62,NULL,2014,10,22,105,57385002
342,BR,Cotia,BRL,12/7/2024,3191.901,62.02,NULL,2010,8,11,103,45968330
343,ID,Meringkik,IDR,2/17/1983,9691.383,83.54,NULL,1984,12,11,119,50057306
344,BR,Colinas,BRL,12/27/2024,10452.619,87.35,2008-01-18 13:09:28 UTC,2007,12,4,110,24641833
345,UY,Joaquín Suárez,UYU,7/20/2013,11447.652,1.48,NULL,1988,10,10,108,53595030
346,ID,Padangguci,IDR,11/20/1988,10138.111,83.89,NULL,1988,2,3,24,29300735
347,ES,Santander,EUR,6/11/1993,11950.983,71.46,NULL,2022,7,25,48,21407651
348,FR,Mantes-la-Jolie,EUR,10/4/1986,4024.265,11.82,NULL,1998,2,25,60,64951330
349,CZ,Příbor,CZK,4/8/1992,4913.407,20.74,NULL,2018,1,2,120,76776698
350,CZ,Křižanov,CZK,1/27/1993,2656.72,56.45,NULL,2000,3,6,23,34079016
351,PH,Maayong Tubig,PHP,7/12/1999,11379.562,96.54,2024-02-10 02:25:23 UTC,2023,12,27,77,10453625
352,SE,Åmål,SEK,10/23/2000,894.49,16.77,NULL,2013,8,20,80,68202730
353,UA,Bezlyudivka,UAH,4/22/2022,3760.396,76.51,NULL,1991,1,27,87,48251098
354,LU,Mertert,EUR,11/8/1991,2470.071,17.19,NULL,2019,3,8,36,72835805
355,FR,Auch,EUR,1/27/2001,10679.171,67.44,NULL,2007,5,31,103,82930413
356,ID,Darungan,IDR,4/19/2020,33.29,77.44,NULL,2011,3,22,42,24286355
357,IR,Eqlīd,IRR,9/28/1995,2618.387,55,NULL,2024,11,3,93,16522427
358,PH,Buayan,PHP,2/9/2014,9923.107,74.4,NULL,2004,9,25,100,86210886
359,CD,Libenge,CDF,4/23/2012,10709.82,82.4,NULL,1995,7,31,83,37587298
360,PK,Jhumra,PKR,3/22/1987,9494.254,6.24,NULL,1985,11,10,44,35818664
361,ID,Tanahedang,IDR,1/25/1993,3820.449,1.6,NULL,1987,2,27,27,56621578
362,PL,Goworowo,PLN,7/6/1991,10903.166,35.86,NULL,2014,12,6,66,71821129
363,PH,Tamiso,PHP,11/17/2009,4161.671,86.84,2001-02-22 18:50:57 UTC,2001,1,8,86,45202216
364,LY,Tobruk,LYD,9/21/2016,7697.399,45.47,NULL,2014,3,23,39,21982150
365,ID,Talon,IDR,2/16/2010,5294.833,76.77,NULL,2023,2,27,31,68455239
366,CO,Belén de Umbría,COP,7/25/1983,4298.015,23.7,NULL,2009,12,12,35,40714698
367,ID,Cumedak,IDR,11/24/2018,1107.546,33.01,NULL,2012,8,11,120,5110884
368,CN,Pingshan,CNY,4/29/2019,7490.659,1.85,NULL,2014,10,13,73,16540820
369,CN,Shuiyang,CNY,11/19/2010,7190.641,13.95,NULL,1984,7,12,64,78762391
370,CN,Heku,CNY,1/18/2009,9902.704,84.27,NULL,1999,5,24,104,29485079
371,KE,Keruguya,KES,7/7/1984,6061.653,59.15,NULL,2012,1,7,80,57469715
372,US,Jacksonville,USD,12/23/2008,2865.332,74.46,NULL,2008,10,19,95,8402683
373,PH,Bailan,PHP,1/18/2024,7274.553,56.11,NULL,1994,8,11,7,13464077
374,CO,Leticia,COP,3/28/2007,8046.86,1.18,NULL,2002,11,23,28,45920208
375,NI,Nandaime,NIO,11/14/1997,9840.662,27.72,NULL,2019,10,19,86,69643282
376,CN,Qijing,CNY,9/1/1985,5869.094,28.73,NULL,1984,7,26,70,80555785
377,CN,Baishigou,CNY,7/3/1982,10754.12,96.26,2018-01-21 14:19:55 UTC,2017,12,7,39,60431417
378,PH,Dapdap,PHP,6/18/2013,5472.765,97.26,1994-10-02 17:45:01 UTC,1994,8,18,112,55883600
379,HN,Camalote,HNL,3/23/1996,10566.337,89.23,2012-05-27 12:20:11 UTC,2012,4,12,60,10663669
380,BR,Paraty,BRL,3/16/2004,8073.236,38.94,NULL,2024,1,2,16,33478460
381,IR,Shiraz,IRR,5/28/2015,8207.221,45.42,NULL,1984,12,5,115,81827024
382,BW,Sebina,BWP,11/11/1993,4065.664,45.14,NULL,2024,1,1,8,52134259
383,JP,Nanao,JPY,12/16/1984,2747.368,28.7,NULL,1990,3,19,18,30787231
384,CU,Bartolomé Masó,CUP,11/29/1991,6026.444,58.96,NULL,1984,5,28,66,36393019
385,AL,Bicaj,ALL,12/9/1996,10597.533,95.55,2001-12-05 18:15:53 UTC,2001,10,21,70,30567599
386,PL,Celestynów,PLN,5/4/1999,11676.304,57.54,NULL,2016,1,15,88,20874387
387,CN,Songjiang,CNY,5/19/1991,7030.402,45.37,NULL,1984,5,16,56,81799790
388,PS,Khān Yūnis,ILS,11/2/1994,792.265,12.2,NULL,2004,6,9,92,74155855
389,GB,Sheffield,GBP,9/20/2005,8878.766,40.78,NULL,2026,8,25,90,10953705
390,SE,Färjestaden,SEK,4/2/1998,6865.521,15.84,NULL,1988,7,6,7,84613776
391,TJ,Dushanbe,TJS,4/9/2016,3495.149,71.58,NULL,2005,4,29,52,77951468
392,CN,Shuhong,CNY,10/2/2017,8665.145,45.76,NULL,1990,4,13,115,56204560
393,ID,Kampungtengah,IDR,8/22/1991,4473.979,5.72,NULL,2018,10,18,7,79830579
394,CN,Guanba,CNY,6/1/2024,7228.922,68.98,NULL,1994,8,18,25,1143398
395,PL,Polańczyk,PLN,6/1/2018,4713.789,55.13,NULL,2011,1,7,37,52786458
396,NO,Oslo,NOK,7/3/2012,9102.51,32.98,NULL,2027,9,6,5,61047398
397,LU,Reckange-sur-Mess,EUR,1/13/1992,10380.962,33.89,NULL,2006,8,19,53,3487537
398,ID,Waiwukak,IDR,8/22/1983,8491.599,17.82,NULL,2005,1,31,50,16581983
399,CN,Shigutang,CNY,9/6/2002,5974.17,93.08,1992-09-24 00:47:48 UTC,1992,8,10,25,77352945
400,MD,Basarabeasca,MDL,4/7/2000,3872.571,26.52,NULL,2027,7,1,38,50018594
401,JP,Hachiōji,JPY,4/16/2025,2013.211,25.87,NULL,2013,9,12,38,5425453
402,CN,Rongxiang,CNY,5/17/1996,4585.271,20.47,NULL,2006,6,16,30,80149570
403,VE,San Juan Bautista,VEF,5/11/1991,1789.861,55.59,NULL,2013,1,17,79,74887250
404,ES,Sevilla,EUR,12/12/2018,5798.495,68.17,NULL,2027,12,1,48,87201149
405,CN,Shataping,CNY,6/14/1985,2974.287,58.73,NULL,2001,9,8,58,29737968
406,TJ,Boshchorbogh,TJS,12/29/1994,3822.913,61.68,NULL,2029,5,30,50,57636569
407,RU,Nikolayevka,RUB,4/17/1993,10499.551,70.38,NULL,2006,8,7,59,2641890
408,MX,Lazaro Cardenas,MXN,1/21/2021,10088.928,40.31,NULL,1990,4,17,23,58611591
409,CY,Dhali,EUR,2/24/2022,9293.547,78.59,NULL,2028,3,4,64,5360017
410,ID,Dukuhturi,IDR,3/29/2021,12169.321,43.76,NULL,2006,2,11,107,14554641
411,CA,Princeville,CAD,3/30/2013,278.446,4.54,NULL,1992,8,5,72,34895889
412,FI,Joroinen,EUR,2/6/2003,6815.572,33.53,NULL,1997,3,15,66,76500815
413,ID,Wolomarang,IDR,11/1/1993,9973.122,79.46,NULL,2025,10,18,114,77088880
414,ID,Sawahbaru,IDR,9/23/2001,11762.713,36.92,NULL,2025,2,25,26,89434379
415,MM,Nyaungdon,MMK,8/13/1992,2625.112,4.94,NULL,2029,7,26,93,56784188
416,CZ,Velké Svatoňovice,CZK,1/30/1989,8278.74,60.83,NULL,2003,11,30,75,19658679
417,DE,Berlin,EUR,5/24/1990,6046.762,77.24,NULL,2017,12,15,111,76031041
418,CN,Xinwan,CNY,10/24/1992,9105.491,70.3,NULL,2018,5,19,42,36225571
419,CN,Tangdukou,CNY,7/1/2021,11055.98,39.68,NULL,1993,3,26,86,45912011
420,FR,Sannois,EUR,3/5/2025,10797.013,61.47,NULL,2004,6,4,10,40506532
421,ID,Romba,IDR,10/28/1993,10697.319,6.64,NULL,2024,12,6,22,40780515
422,IE,Prosperous,EUR,12/5/1990,10920.276,37.73,NULL,1990,1,3,11,10063278
423,BR,Sabinópolis,BRL,4/8/2021,2578.85,95.99,1989-07-15 22:24:35 UTC,1989,5,31,31,75114003
424,SY,As Sawdā,SYP,10/28/2007,10461.751,92.05,2026-06-21 07:58:36 UTC,2026,5,7,46,28814626
425,PL,Głuchołazy,PLN,5/24/2000,3276.354,60.47,NULL,2022,10,15,34,4977328
426,ID,Kadubera,IDR,7/9/2020,9391.843,31.32,NULL,2004,7,28,18,49699991
427,US,Charleston,USD,1/17/1994,5679.115,53.49,NULL,1989,11,24,8,20323914
428,GR,Kavásilas,EUR,2/23/1986,637.66,89.62,2013-09-10 09:26:52 UTC,2013,7,27,64,24053052
429,PH,Tamiso,PHP,1/28/1998,8983.34,70.73,NULL,2006,9,23,6,84124349
430,PK,Jand,PKR,5/26/2003,736.278,48.75,NULL,2005,10,17,63,12583120
431,ID,Labuhanjambu,IDR,6/1/2007,11309.16,59.79,NULL,2020,11,14,73,19870668
432,CN,Baiguan,CNY,12/1/2011,11377.181,26.17,NULL,2019,12,19,68,11465496
433,LV,Stalbe,EUR,10/5/1989,7029.134,97.8,2019-06-13 01:52:37 UTC,2019,4,29,90,16407903
434,LU,Clervaux,EUR,8/25/1995,8013.118,10.58,NULL,2011,7,19,11,46202866
435,SE,Göteborg,SEK,3/2/2004,9767.055,56.72,NULL,1985,9,13,87,26014207
436,PH,Padang,PHP,2/19/1991,7398.56,81.4,NULL,1994,10,6,8,48561123
437,CN,Cikou,CNY,10/16/2011,9408.553,75.68,NULL,2019,2,1,108,8589702
438,RU,Amurzet,RUB,1/13/2024,5231.037,34.86,NULL,2008,1,24,16,76633438
439,BR,São Sebastião,BRL,1/21/2021,8059.207,89.85,2025-04-09 15:43:31 UTC,2025,2,23,67,67497078
440,TN,Beni Khiar,TND,1/1/2010,3413.306,81.04,NULL,2018,7,17,98,58637865
441,ID,Kahabe,IDR,5/18/2022,9530.381,71.95,NULL,2008,12,23,47,81467039
442,RS,Golubinci,RSD,8/30/1989,2640.018,88.34,2027-11-30 04:15:07 UTC,2027,10,16,22,67344929
443,CN,Rongxi,CNY,4/20/2006,4206.257,86.2,1989-02-09 07:24:58 UTC,1988,12,26,109,69236855
444,NO,Oslo,NOK,5/25/2024,3097.805,13.05,NULL,2000,5,3,84,1198867
445,AR,Concordia,ARS,12/1/2023,8578.493,11.98,NULL,1998,3,17,17,59222611
446,HR,Gračac,HRK,4/24/2021,10579.248,29.24,NULL,1997,8,24,97,69059864
447,CN,Wa’eryi,CNY,7/20/2008,12105.984,4.25,NULL,2022,2,4,90,8268219
448,PL,Nowa Góra,PLN,5/25/2019,10766.28,88.29,2010-01-31 08:01:25 UTC,2009,12,17,29,60249515
449,CN,Lukou,CNY,5/14/2014,7850.248,22.63,NULL,1997,7,20,25,41699077
450,CN,Sishilichengzi,CNY,5/9/1993,9148.382,49.95,NULL,2020,11,23,43,79415907
451,BO,Santa Rosa del Sara,BOB,8/7/2025,7399.222,4.47,NULL,1984,12,9,20,32092808
452,UZ,Khiwa,UZS,6/7/2015,6380.907,12.05,NULL,2006,12,12,32,62727761
453,CN,Yinxi,CNY,9/19/2025,8499.053,81.86,NULL,2021,2,10,58,13941277
454,CN,Yaozhou,CNY,5/6/2020,2852.113,6.56,NULL,2022,6,30,103,75710404
455,RS,Vršac,RSD,3/29/2020,11470.094,97.97,2014-06-14 19:48:31 UTC,2014,4,30,48,19842214
456,AF,Kunduz,AFN,8/3/2015,5022.586,34.9,NULL,2008,5,30,46,2589703
457,US,Albuquerque,USD,6/15/1992,10569.335,26,NULL,2028,11,28,41,38933583
458,RU,Korkino,RUB,10/17/1982,9591.237,55.51,NULL,2019,10,24,85,43227155
459,MY,Kuala Lumpur,MYR,8/30/1992,1593.427,50.3,NULL,1997,12,27,52,5966603
460,IR,Zehak,IRR,11/3/1995,9404.845,81.1,NULL,2013,11,30,117,20357284
461,ID,Cibingbin,IDR,8/11/1998,10428.76,46.94,NULL,2009,12,12,70,57479815
462,CN,Huanghai,CNY,1/26/2016,4319.682,58.53,NULL,2028,2,5,100,798755
463,BR,Vargem Grande Paulista,BRL,9/6/1993,3666.874,23.77,NULL,2018,5,17,28,53223442
464,TD,Dourbali,XAF,4/9/2021,10853.752,41.12,NULL,2001,3,4,15,75826200
465,CN,Yongfeng,CNY,5/6/1996,5592.201,13.65,NULL,2024,4,6,69,71067427
466,PT,Fornos,EUR,4/14/2010,5850.081,83.97,NULL,2026,6,9,27,35351842
467,XK,Nishor,EUR,3/29/2021,4043.594,13.84,NULL,2008,8,12,77,32750965
468,CN,Dadukou,CNY,7/23/2007,6953.506,35.94,NULL,2007,5,14,115,41988601
469,UA,Novopskov,UAH,4/1/1996,9659.193,50.52,NULL,2026,2,19,83,46679762
470,ID,Mojomulyokrajan,IDR,7/30/1988,6393.786,86.04,1985-06-08 16:53:06 UTC,1985,4,24,17,67037874
471,CN,Maqian,CNY,3/31/2020,8670.52,6.01,NULL,2017,3,14,101,13856035
472,IR,Isfahan,IRR,3/5/2004,4917.867,86.6,1989-11-16 14:18:00 UTC,1989,10,2,40,31506234
473,BR,Biguaçu,BRL,8/7/1989,11538.1,56.56,NULL,1987,8,16,72,53286144
474,ID,Pasirlaja,IDR,12/14/1984,5011.885,92.54,1994-03-13 12:35:06 UTC,1994,1,27,9,23524799
475,ID,Krajan Srigonco,IDR,1/18/1992,2665.403,83.17,NULL,2019,10,26,67,85316727
476,PH,Taclobo,PHP,4/6/2000,10258.73,68.69,NULL,2002,2,3,10,17279140
477,CN,Nirji,CNY,10/15/2001,9201.724,85.57,1984-08-01 10:51:36 UTC,1984,6,17,109,55546154
478,PL,Rędziny,PLN,5/3/1987,50.736,18.21,NULL,1990,9,6,101,4726497
479,RU,Bograd,RUB,5/15/1996,8653.827,48,NULL,2014,5,24,119,30686961
480,CA,Wingham,CAD,1/27/2017,9915.186,63.32,NULL,1995,3,27,88,81525876
481,CN,Yueyahe,CNY,6/24/1982,1304.8,72.13,NULL,2024,4,2,32,37189478
482,RU,Rayevskiy,RUB,6/4/2021,2663.725,62.34,NULL,1990,10,24,57,2076359
483,AF,Āsmār,AFN,10/25/1997,9534.849,16.53,NULL,1993,12,25,85,62743371
484,KE,Butere,KES,1/25/1999,6578.717,91.14,1995-09-20 17:15:36 UTC,1995,8,6,39,88101135
485,FR,Juvisy-sur-Orge,EUR,6/18/2012,1652.334,39.76,NULL,2013,10,19,7,39675477
486,PL,Michałowo,PLN,10/31/2016,62.366,48.79,NULL,2023,6,29,41,29839776
487,FR,Paris 10,EUR,9/29/2011,10640.391,90.11,1987-03-08 10:52:27 UTC,1987,1,22,31,68600274
488,BR,São Miguel do Iguaçu,BRL,10/26/1997,7792.279,99.62,1987-09-25 23:34:48 UTC,1987,8,11,86,25187187
489,ID,Cikadu,IDR,1/23/2006,7538.238,18.27,NULL,2028,10,19,28,54394551
490,CN,Bangshipu,CNY,5/12/1990,9390,43.31,NULL,2029,12,14,71,10038810
491,UY,Paso de Carrasco,UYU,4/25/2011,3714.22,22.38,NULL,2016,7,2,36,17325308
492,ID,Cijoho,IDR,2/19/2015,8576.731,86.86,1990-10-20 23:38:26 UTC,1990,9,5,118,72626549
493,AR,Gobernador Gálvez,ARS,12/3/2007,9885.373,15.56,NULL,1986,11,15,100,14976536
494,ID,Gudang,IDR,7/24/2008,1364.135,68.26,NULL,2006,2,28,22,86672477
495,ID,Pasiripis,IDR,3/23/2006,9847.735,19.46,NULL,1987,8,30,66,82318489
496,RU,Volosovo,RUB,4/23/1997,6561.479,64.12,NULL,2010,9,4,59,18536129
497,JP,Hiratsuka,JPY,7/13/1987,7404.279,45.77,NULL,2011,11,24,101,53041691
498,ID,Timahankrajan,IDR,10/24/1982,3497.596,89.63,1996-02-02 10:38:58 UTC,1995,12,19,120,86037615
499,CN,Huifeng,CNY,9/22/2011,11000.758,11.93,NULL,2015,9,16,70,13944530
500,ID,Banjarjo,IDR,12/7/2018,2934.78,92.06,1996-02-06 11:36:56 UTC,1995,12,23,55,50838117
501,BF,Garango,XOF,9/10/1983,2635.458,31.79,NULL,2000,2,5,12,81802225
502,CN,Xiapu,CNY,1/23/2017,415.4,57.67,NULL,1989,8,18,105,38634174
503,BR,Arauá,BRL,2/24/1997,8656.421,51.83,NULL,1998,11,3,38,8578134
504,ID,Suwaluh,IDR,3/20/2000,7275.705,83.74,NULL,1994,4,30,38,26099815
505,MK,Lisičani,MKD,12/20/1992,11862.131,24.51,NULL,1991,8,3,80,17534918
506,ID,Simpang,IDR,5/2/1988,7336.712,87.68,2002-12-18 17:27:45 UTC,2002,11,3,25,32485231
507,CN,Jiesheng,CNY,11/13/2018,5232.903,29.67,NULL,2004,9,24,119,49748455
508,ID,Urungpigang,IDR,7/25/2022,480.348,91.45,1986-07-04 13:57:23 UTC,1986,5,20,41,84116139
509,RU,Kosaya Gora,RUB,12/15/2015,8429.435,79.73,NULL,1993,3,17,104,67109883
510,PT,Arrabal,EUR,2/8/2015,2575.721,72.73,NULL,1999,7,19,76,4364313
511,CN,Huangnaihai,CNY,12/5/1984,4156.6,33.07,NULL,2015,4,12,6,72541193
512,PW,Kloulklubed,USD,5/18/2024,1214.245,63.56,NULL,2018,6,1,10,19317235
513,KP,Chongjin,KPW,1/17/2022,10333.784,26.21,NULL,1990,5,28,28,80601840
514,PH,Catarman,PHP,1/16/2024,6324.426,21.31,NULL,2027,10,12,33,8278258
515,PL,Sępólno Krajeńskie,PLN,1/10/2002,2436.894,90.02,2020-04-02 00:03:42 UTC,2020,2,17,49,21530602
516,AR,Ushuaia,ARS,12/20/1988,4760.223,76.82,NULL,1992,6,21,109,87547435
517,TD,Koumra,XAF,10/23/2023,1222.739,68.02,NULL,2024,10,3,42,87843602
518,US,Torrance,USD,12/27/2007,7097.956,48.54,NULL,1990,11,15,23,30236076
519,RU,Gastello,RUB,10/12/2016,11869.239,82.97,NULL,1984,3,17,69,25775431
520,PE,Cusco,PEN,11/8/2019,7548.236,30.76,NULL,2026,4,7,75,57447789
521,UA,Inkerman,UAH,1/19/2000,914.443,28.91,NULL,1984,5,30,15,37912184
522,RU,Borzoy,RUB,12/22/1991,8695.985,39.53,NULL,1985,1,14,2,11199404
523,FR,Carcassonne,EUR,1/3/1984,2149.267,92.55,1995-05-14 00:12:36 UTC,1995,3,30,48,61387623
524,ZA,Margate,ZAR,2/21/2014,3289.771,83.46,NULL,1995,1,2,24,11020329
525,PL,Kluczbork,PLN,5/6/1991,10659.081,3.04,NULL,2001,8,26,87,30879785
526,PT,Pinhal General,EUR,12/12/2016,11737.158,50.71,NULL,2004,10,25,97,36666836
527,BD,Nowlamary,BDT,1/24/1984,865.57,67.76,NULL,2005,2,25,20,65898811
528,CN,Liulang,CNY,9/14/1995,9073.822,94.05,1999-10-31 15:30:34 UTC,1999,9,16,90,69025458
529,KP,Chŏngju,KPW,6/25/1992,4906.945,68,NULL,2019,11,29,54,23112267
530,PT,Maceda,EUR,7/28/1988,4682.68,12.14,NULL,2016,4,21,38,55378288
531,KY,East End,KYD,2/15/2009,10382.105,30.49,NULL,2021,1,14,119,56564420
532,PH,Calinaoan Malasin,PHP,12/15/2004,6637.754,9.07,NULL,2016,10,26,87,30090289
533,CL,Osorno,CLP,4/13/1989,3435.39,20.36,NULL,1985,8,10,112,50174059
534,PS,Kafr Thulth,ILS,1/8/1984,3837.705,58.22,NULL,1984,9,27,14,40163150
535,FR,Saint-Priest-en-Jarez,EUR,3/15/1992,10899.96,34.64,NULL,1991,12,21,48,13005964
536,PY,Concepción,PYG,7/31/1989,8432.954,43.31,NULL,1984,12,5,57,40989295
537,BR,Bom Jesus da Lapa,BRL,5/14/2000,9644.912,38.39,NULL,1996,2,9,71,1456691
538,AR,Campo Viera,ARS,11/5/1999,2847.969,36.32,NULL,2019,8,4,74,52552102
539,IE,Gweedore,EUR,5/25/2006,11262.452,62.5,NULL,1991,6,1,103,84826775
540,ID,Mekarsari,IDR,9/29/2000,640.561,73.01,NULL,2016,2,3,58,20356329
541,RU,Kama,RUB,8/17/2006,7333.016,93.52,1984-06-28 12:23:30 UTC,1984,5,14,60,27148942
542,CN,Nangong,CNY,7/26/2006,8612.967,10.93,NULL,1986,4,4,68,21006953
543,RU,Nevinnomyssk,RUB,3/25/1992,2244.162,97.79,1993-06-10 09:20:07 UTC,1993,4,26,41,45368760
544,CZ,Lípa,CZK,4/23/2017,9795.055,88.71,2016-10-05 17:47:46 UTC,2016,8,21,72,6959648
545,CN,Heshui,CNY,2/20/1994,5899.557,32.83,NULL,2023,1,6,92,80799944
546,VN,Cà Mau,VND,9/25/2012,1287.039,35.97,NULL,1995,4,6,22,40799026
547,FR,Paris 02,EUR,1/16/2024,3312.495,15.64,NULL,1998,3,16,118,22588888
548,ID,Seoam,IDR,2/17/2025,6880.837,85.38,2014-06-28 01:48:21 UTC,2014,5,14,34,85444268
549,FR,Clermont-Ferrand,EUR,1/24/2015,4893.072,19.3,NULL,2026,6,1,114,6088317
550,CN,Banjing,CNY,8/17/1987,4351.533,91.75,2018-06-16 04:07:58 UTC,2018,5,2,25,86976343
551,BR,Itabira,BRL,7/4/1989,6623.284,50.2,NULL,2015,9,26,19,60692181
552,CN,Huxingshan,CNY,7/23/1986,1123.096,23.24,NULL,2012,10,16,39,68968920
553,UA,Chervone,UAH,7/31/1985,3659.427,95.41,1989-12-22 04:48:28 UTC,1989,11,7,49,30200000
554,ID,Bofuer,IDR,9/8/2000,2343.19,21.4,NULL,2008,2,4,80,39471046
555,CN,Mahong,CNY,6/14/2000,3939.634,28.75,NULL,2022,11,3,35,74955541
556,CZ,Libouchec,CZK,4/3/2018,7989.923,25.34,NULL,1997,4,25,74,35014853
557,CZ,Koryčany,CZK,10/31/2017,1936.867,28.79,NULL,1988,12,26,11,56731530
558,CN,Zhifang,CNY,10/27/2022,1119.898,4.59,NULL,1999,4,11,117,36763339
559,CU,Caibarién,CUP,4/28/1995,6900.159,93.95,2025-08-25 14:46:19 UTC,2025,7,11,81,67867538
560,ET,Mīzan Teferī,ETB,12/16/2021,3069.108,80.25,NULL,2029,7,21,27,16673860
561,ID,Tempursari Wetan,IDR,6/4/2016,3559.386,81.17,NULL,1988,8,7,53,35709409
562,CN,Pingsha,CNY,7/7/2011,7816.631,58.23,NULL,2023,5,5,107,81503963
563,US,Fresno,USD,6/30/1983,11175.179,74.16,NULL,2005,8,14,110,30324243
564,PH,Lallayug,PHP,7/11/2015,8640.176,39,NULL,2019,6,19,70,17015992
565,FR,Bagneux,EUR,7/15/2019,1422.7,84.77,NULL,2007,3,23,9,60395656
566,CN,Kizil,CNY,11/20/2021,3186.985,99.31,2003-11-22 23:21:22 UTC,2003,10,8,56,62231163
567,TZ,Kisesa,TZS,9/30/1992,1071.892,1.15,NULL,2013,2,17,108,26362484
568,AL,Hasan,ALL,6/11/2025,4381.975,26.68,NULL,2024,5,5,113,26492755
569,CN,Qianchuan,CNY,5/24/1995,6301.921,35.86,NULL,1999,3,18,14,60765779
570,ID,Dadiharja,IDR,12/17/2017,8790.883,87.86,2002-03-07 03:43:56 UTC,2002,1,21,103,24311905
571,CN,Longping,CNY,2/28/2025,7226.253,88.45,2018-12-03 06:30:43 UTC,2018,10,19,92,28135394
572,PL,Żabnica,PLN,2/20/1994,4025.497,77.18,NULL,1990,7,16,65,68209539
573,SE,Alfta,SEK,5/24/2006,3905.939,9,NULL,1999,1,23,117,60777144
574,CO,Guataquí,COP,12/18/2013,5984.986,24.2,NULL,2010,9,23,47,14970082
575,ID,Pendawanbaru,IDR,8/31/1993,7018.639,93.02,1994-05-18 01:35:38 UTC,1994,4,3,7,4532502
576,BR,Maragogipe,BRL,9/24/2025,6475.522,56.29,NULL,2003,4,24,52,67343197
577,US,Topeka,USD,9/19/2004,1612.789,40.49,NULL,1984,5,12,52,57869111
578,ID,Holoriang,IDR,8/15/2006,5202.337,3.07,NULL,2024,9,3,30,9527470
579,MY,Kuala Terengganu,MYR,5/22/2017,12234.952,87.86,1986-12-08 15:15:52 UTC,1986,10,24,13,41644436
580,CN,Shihua,CNY,11/30/2023,7605.087,21.73,NULL,2003,2,1,61,8390161
581,ID,Krajan Dua Padomasan,IDR,9/16/2025,6408.303,92.58,2022-08-05 19:26:29 UTC,2022,6,21,106,22939767
582,PL,Żarów,PLN,6/2/2022,6074.674,81.39,NULL,1998,1,26,95,36300799
583,PT,São Domingos,EUR,12/14/2006,11140.114,98.37,2009-07-02 22:02:18 UTC,2009,5,18,106,52943871
584,FR,Marly-le-Roi,EUR,5/23/1989,7094.68,14.93,NULL,1985,4,7,68,87245336
585,CD,Inongo,CDF,12/18/1988,1870.939,67.73,NULL,2023,4,10,32,57753050
586,GE,Khulo,GEL,5/1/2025,6945.085,19.41,NULL,2003,3,18,5,39960961
587,PT,Pobral,EUR,11/5/2013,8632.352,3.69,NULL,1991,7,20,94,29008598
588,CN,Lishu,CNY,2/18/1985,6964.876,91.8,1985-05-13 19:35:08 UTC,1985,3,29,51,44264275
589,ID,Sampangbitung,IDR,2/17/1996,11724.337,1.66,NULL,1999,7,13,42,75660626
590,PE,San Miguel,PEN,4/21/1995,8826.069,72.42,NULL,2006,2,22,34,28734732
591,RU,Temryuk,RUB,10/20/1987,10902.118,3.89,NULL,2025,11,20,17,25920639
592,ID,Cibojong,IDR,10/1/1990,6115.417,19.03,NULL,1985,7,27,32,12930621
593,BR,Orleans,BRL,11/1/2015,445.468,24.67,NULL,1999,7,4,35,19546118
594,GE,Tsalka,GEL,6/30/1992,4395.912,17.8,NULL,1990,5,31,4,27207644
595,US,Mesquite,USD,2/10/1996,2882.598,79.09,NULL,1985,3,14,28,43672683
596,CN,Jilin,CNY,9/25/2024,7902.329,94.56,2016-07-26 09:21:24 UTC,2016,6,11,85,58579371
597,UY,Santiago Vázquez,UYU,6/27/1991,5730.112,23.31,NULL,2014,4,23,29,10586882
598,PL,Paniówki,PLN,10/9/2021,6023.184,52.33,NULL,1986,9,1,90,50766344
599,RU,Kola,RUB,12/29/2013,7474.662,99.47,2030-01-05 13:11:09 UTC,2029,11,21,8,6686259
600,CN,Xindu,CNY,9/27/2019,11188.361,10.66,NULL,2009,4,14,60,57654984
601,PL,Szczecinek,PLN,7/3/2002,5899.841,59.52,NULL,2008,9,25,95,26948258
602,UY,San Ramón,UYU,9/11/2012,5742.925,20.65,NULL,2007,3,11,4,25086717
603,CN,Taiyang,CNY,4/7/2017,5574.16,0.79,NULL,2010,1,21,82,79199756
604,NO,Gjøvik,NOK,12/20/2008,11914.584,40.58,NULL,2025,11,18,113,85579553
605,PE,Namballe,PEN,6/28/1997,11749.323,32.93,NULL,2021,9,8,57,876022
606,CN,Danglang Hudong,CNY,2/7/2015,6710.325,72.83,NULL,2006,1,31,50,36031092
607,VE,Píritu,VEF,3/23/2005,8812.341,27.6,NULL,1998,4,4,62,58062568
608,GR,Kokkári,EUR,9/18/2024,10907.013,34.59,NULL,2018,3,22,120,32213945
609,RS,Bački Breg,RSD,3/29/1987,11509.687,74.78,NULL,1994,5,31,81,55376643
610,NG,Dikwa,NGN,12/16/1989,1560.719,35.72,NULL,1988,12,28,92,85569096
611,JP,Shingū,JPY,4/12/2009,4316.481,0.35,NULL,2003,12,20,56,9203337
612,SE,Karlstad,SEK,9/14/2011,107.994,50.2,NULL,2011,12,30,95,13953814
613,FR,Toulon,EUR,6/19/1987,5787.26,41.6,NULL,2022,5,29,86,59718523
614,FR,Lyon,EUR,3/10/1983,7128.464,40.03,NULL,2010,2,20,106,85433058
615,CZ,Vrdy,CZK,12/14/2009,5285.75,77.78,NULL,1992,8,9,117,42381779
616,JP,Chiryū,JPY,12/7/1983,43.332,64.98,NULL,2003,3,10,119,55221530
617,ID,Sebasang,IDR,12/3/2003,3194.759,33.31,NULL,2006,1,13,28,23801225
618,NO,Oslo,NOK,3/30/2005,12098.387,16.46,NULL,1984,6,5,105,69832311
619,MX,Los Mangos,MXN,5/29/2025,10566.708,24.63,NULL,2019,9,24,110,44707092
620,ID,Palumbungan,IDR,4/4/2003,11220.291,1.07,NULL,2009,11,5,11,582255
621,CN,Chechenglu,CNY,2/26/2022,2615.005,68.54,NULL,2004,5,21,106,89183357
622,MX,Nicolas Bravo,MXN,5/23/2008,4306.181,60.63,NULL,1987,8,8,41,87327053
623,RU,Vodnyy,RUB,9/2/2019,2626.366,70.61,NULL,1985,3,15,90,2033383
624,CN,Fengjiang,CNY,3/8/2025,3232.93,1.19,NULL,2000,7,4,2,35922398
625,CN,Mori,CNY,5/17/2005,11358.159,85.92,2028-12-18 11:05:59 UTC,2028,11,3,35,34100778
626,EG,Luxor,EGP,9/30/2025,6331.752,91.8,1994-05-06 06:11:59 UTC,1994,3,22,87,17147671
627,CN,Lianpeng,CNY,4/26/1994,4415.321,85.19,2010-05-19 12:24:18 UTC,2010,4,4,26,19545382
628,TN,Manzil Bū Zalafah,TND,1/23/2025,1740.452,15.54,NULL,1985,3,16,53,10138713
629,ID,Oetua,IDR,6/14/1984,8308.009,43.28,NULL,2019,1,19,116,19170754
630,ID,Kerbuyan,IDR,5/25/2024,286.023,37.8,NULL,1990,3,19,49,40342854
631,MY,Ipoh,MYR,2/24/2020,1116.506,60.65,NULL,2010,5,17,77,853285
632,FR,Portet-sur-Garonne,EUR,8/4/2025,8739.802,62.43,NULL,1985,10,9,101,78097049
633,BR,Uruguaiana,BRL,3/12/1990,162.135,30.75,NULL,1996,12,2,76,85928916
634,ID,Pandean,IDR,1/27/2019,5727.261,3.65,NULL,1986,11,30,9,75338094
635,HT,Acul du Nord,HTG,1/30/1988,1928.026,33.85,NULL,2009,2,15,19,58831806
636,CN,Muzidian,CNY,8/27/2022,1008.442,51.07,NULL,2026,5,20,54,41988643
637,EC,Puyo,USD,6/3/1989,527.647,58.24,NULL,2015,9,30,35,38490925
638,PT,Longos,EUR,6/11/2000,6020.597,91.32,2009-03-23 00:10:00 UTC,2009,2,6,9,29765697
639,PH,Balayong,PHP,9/20/2014,2616.3,9.82,NULL,2016,11,29,28,30651297
640,CN,Baisha,CNY,10/17/2006,9924.677,16.81,NULL,2024,11,2,47,56971707
641,CN,Dayang,CNY,4/23/1996,8638.61,22.61,NULL,1997,12,13,107,66890446
642,TH,Yasothon,THB,7/11/2016,5418.051,56.99,NULL,2000,2,6,119,29194766
643,FR,Montpellier,EUR,9/2/2016,6391.048,47.08,NULL,2003,8,24,100,40048029
644,MG,Manakara,MGA,1/24/1997,7477.086,11.34,NULL,2006,8,19,26,82647217
645,VE,La Cruz de Taratara,VEF,9/2/1995,1196.018,77.79,NULL,2019,3,10,43,55447403
646,RU,Golynki,RUB,1/31/1996,2462.13,21.62,NULL,1999,4,4,90,21101777
647,EH,Dakhla,MAD,10/23/1982,2762.093,54.77,NULL,2020,11,26,70,14704724
648,JP,Ōmagari,JPY,9/20/2001,3263.871,1.18,NULL,1990,11,18,48,8047539
649,CN,Dadong,CNY,11/11/1992,7805.724,44.35,NULL,2003,6,4,12,84805849
650,CN,Yanghuxiang,CNY,7/6/1986,8934.537,18.43,NULL,1991,5,25,35,37871152
651,FI,Porvoo,EUR,7/12/2024,687.544,30.68,NULL,1986,8,19,4,37941926
652,FR,Montpellier,EUR,6/2/2017,11104.087,1.78,NULL,1997,4,11,109,1142659
653,CN,Jianzhatan,CNY,12/12/2001,10788.581,79.47,NULL,1995,1,31,115,34764687
654,AM,Aygeshat,AMD,8/12/2002,2653.307,70.47,NULL,2000,10,28,34,49806575
655,RU,Krasnogorsk,RUB,1/8/1999,1616.029,24.5,NULL,2026,8,31,112,2202828
656,PL,Czarków,PLN,3/20/1984,8005.453,64.29,NULL,2029,6,16,8,32471628
657,PH,Pantubig,PHP,12/1/2012,3721.423,29.67,NULL,2000,10,21,114,71056095
658,BY,Kalodzishchy,BYR,5/14/1997,537.652,49.05,NULL,2021,12,9,37,44872486
659,LA,Sainyabuli,LAK,9/5/1993,2012.395,50.03,NULL,2008,12,28,62,21678979
660,PH,Lawa-an,PHP,4/17/2025,4053.884,75.3,NULL,2024,12,29,36,85539508
661,EE,Narva,EUR,6/8/2012,8308.883,16.95,NULL,2019,9,28,96,33192066
662,CN,Gaoqiao,CNY,11/1/2006,9876.664,97.64,2009-12-31 04:14:48 UTC,2009,11,16,112,11099522
663,MY,Kuala Lumpur,MYR,4/29/1992,6999.943,36.19,NULL,2000,1,24,98,35204117
664,ID,Senduro,IDR,1/4/1996,8253.803,58.31,NULL,2027,5,15,88,73813076
665,TH,Ranong,THB,9/4/1988,4715.176,49.91,NULL,2018,11,6,50,4737487
666,US,Dallas,USD,11/22/2021,10203.095,48,NULL,2029,9,11,45,73374446
667,PE,Cocachacra,PEN,1/3/2021,8397.131,1.95,NULL,1989,6,4,5,41703509
668,CN,Chishui,CNY,11/14/2023,7802.272,55.44,NULL,1996,10,27,119,12737878
669,LB,Beirut,LBP,7/17/1991,10266.782,60.41,NULL,2023,3,5,98,76282864
670,AF,Khanabad,AFN,4/18/1999,413.529,1.9,NULL,1997,10,17,77,9858262
671,AO,Lobito,AOA,1/3/2016,1535.044,33.11,NULL,2015,4,26,109,13548568
672,SV,Santa Tecla,USD,8/26/1994,7300.834,69.16,NULL,1988,9,23,113,20341504
673,IM,Laxey,GBP,3/5/1995,12107.817,15.95,NULL,2021,2,2,56,87236181
674,FI,Hirvensalmi,EUR,1/27/1986,9330.686,14.24,NULL,2002,4,11,32,785422
675,ID,Parigi,IDR,8/29/2018,11046.844,51.37,NULL,2023,12,9,5,82774325
676,CL,Panguipulli,CLP,1/24/1991,8285.402,56.88,NULL,2002,2,8,20,23824298
677,CN,Datian,CNY,3/25/2004,8841.21,62.2,NULL,1998,8,6,77,32872957
678,SE,Järfälla,SEK,11/22/1985,1138.824,96.19,2000-10-28 09:54:35 UTC,2000,9,13,119,88583789
679,ID,Puteran Kidul,IDR,7/3/2024,2369.39,99.11,2001-03-13 14:24:21 UTC,2001,1,27,115,7622949
680,PT,Sande Vila Nova,EUR,9/24/1989,2302.381,5.08,NULL,2011,9,13,55,81131517
681,CN,Dasongshu,CNY,3/29/2009,7147.351,5.03,NULL,2008,10,4,60,43913875
682,ID,Lamalera,IDR,9/13/2005,5933.426,27.99,NULL,2028,2,23,84,9390844
683,CN,Wuyang,CNY,3/17/1998,1564.323,58.65,NULL,2002,4,13,88,22316708
684,CN,Jinchang,CNY,4/3/2018,9868.54,43.1,NULL,2027,2,7,63,5902736
685,FI,Hausjärvi,EUR,4/16/2013,5100.399,23.84,NULL,2028,5,16,34,30607363
686,US,Salt Lake City,USD,7/1/2016,9725.836,63.81,NULL,1989,11,2,45,17324040
687,ID,Sudo,IDR,2/23/2007,3720.959,69.57,NULL,1999,6,23,37,15715180
688,ZA,Balfour,ZAR,7/30/2009,1578.459,86.21,2010-07-04 16:18:28 UTC,2010,5,20,98,51453209
689,JP,Sagae,JPY,3/14/2014,11793.258,43.36,NULL,2003,2,15,44,54701604
690,ID,Seririt,IDR,5/7/1993,4283.71,2.12,NULL,2015,3,4,117,78960586
691,TN,Ghār al Milḩ,TND,2/16/2018,2035.85,21.28,NULL,2001,3,25,84,61671588
692,PL,Świnice Warckie,PLN,6/17/2015,1213.966,91.34,1995-08-09 19:57:54 UTC,1995,6,25,29,65509681
693,US,Colorado Springs,USD,4/30/2002,11529.834,65.19,NULL,2015,8,3,112,82188424
694,CN,Cishangang,CNY,10/31/2005,3674.719,18.99,NULL,2004,4,24,2,27089980
695,ID,Cemara,IDR,4/3/1994,7099.677,98.55,1993-07-06 04:04:40 UTC,1993,5,22,47,82869516
696,ID,Alukama,IDR,4/7/1994,4535.041,73.37,NULL,1993,12,15,18,84419293
697,AR,Casilda,ARS,1/4/2021,6991.801,58.57,NULL,2025,9,30,40,3689080
698,PH,Calanogas,PHP,8/7/2024,7171.757,86.43,2003-01-11 22:54:37 UTC,2002,11,27,87,34634664
699,BR,Ituiutaba,BRL,9/26/2016,9223.176,12.96,NULL,2001,9,19,48,56558332
700,PL,Kroczyce,PLN,10/8/1991,9841.363,78.64,NULL,2009,7,27,73,12114112
701,PE,Limatambo,PEN,7/13/2001,905.1,19.51,NULL,2003,2,10,17,5442832
702,CN,Aoshi,CNY,5/30/2020,6830.6,65.55,NULL,2002,7,31,38,3068891
703,BR,Blumenau,BRL,1/29/2006,5405.199,20.81,NULL,2024,5,1,37,12461778
704,BR,Santo Antônio de Posse,BRL,5/26/2024,447.463,64.23,NULL,2029,11,16,90,29446680
705,CN,Shangdongjie,CNY,10/9/2022,7127.373,46.56,NULL,2018,9,9,12,52911552
706,RU,Polevskoy,RUB,1/5/1986,9091.708,18.01,NULL,2020,11,22,28,18268557
707,NG,Mahuta,NGN,10/16/1986,3503.259,56.28,NULL,1989,4,27,81,36527794
708,RU,Zakamensk,RUB,1/12/1984,4255.745,30.66,NULL,2008,12,9,37,4883606
709,SV,El Paisnal,USD,11/23/2013,4263.834,79.51,NULL,2015,12,2,55,65931812
710,PS,Al Mughayyir,ILS,3/13/2018,2585.007,31.51,NULL,1993,12,30,95,3434232
711,MN,Haylaastay,MNT,11/11/2006,12090.574,33.13,NULL,1999,5,16,38,75161623
712,LV,Mērsrags,EUR,7/31/2013,11198.376,31.41,NULL,2009,11,1,60,87760758
713,JP,Miyata,JPY,8/11/1988,7621.379,57.99,NULL,1990,9,3,10,41739032
714,CN,Sairam,CNY,6/30/2024,6957.294,39.54,NULL,2005,6,9,63,10552987
715,KP,Ŭiju,KPW,12/15/2009,539.614,55.78,NULL,2020,4,19,35,56005047
716,US,San Jose,USD,9/1/2002,12131.923,10.42,NULL,2009,9,29,35,80495333
717,BG,Byala,BGN,12/24/2011,10881.075,98.99,2013-09-04 06:47:06 UTC,2013,7,21,59,89727748
718,CZ,Albrechtice,CZK,9/6/2017,3297.414,37.08,NULL,2004,2,25,6,17641278
719,PL,Kortowo,PLN,4/21/2015,3021.436,6.44,NULL,1995,4,11,109,47421686
720,FR,Woippy,EUR,11/10/2012,7433.299,60.27,NULL,1998,1,1,85,10200988
721,ID,Cihurip Satu,IDR,11/6/2016,10863.317,37.89,NULL,1999,2,12,23,12738891
722,ID,Pekuwon,IDR,3/28/1989,1247.519,64.45,NULL,2023,12,15,8,74106383
723,BR,Atibaia,BRL,4/27/2017,383.172,58.89,NULL,1992,10,28,98,85996520
724,PL,Sączów,PLN,3/6/1986,1772.41,67.24,NULL,1997,2,25,92,8530813
725,PT,Alcanhões,EUR,9/10/2009,8814.659,48.47,NULL,2015,8,12,87,64994774
726,YE,Al Ḩazm,YER,2/28/1988,3973.093,83.05,NULL,2022,4,1,99,72171052
727,UA,Obodivka,UAH,10/19/2013,3364.955,56.15,NULL,2014,3,12,79,44988967
728,RU,Belovo,RUB,7/6/2020,5817.093,30.26,NULL,2019,10,7,10,44558231
729,CN,Pinghu,CNY,7/22/2018,3165.315,26.93,NULL,2003,1,24,46,17845637
730,GR,Týrnavos,EUR,7/10/1991,8798.494,8.42,NULL,1985,1,25,56,67596065
731,MN,Mardzad,MNT,8/22/2016,4948.019,24.82,NULL,1993,1,23,27,43550219
732,CZ,Jesenice,CZK,7/31/2015,1532.904,44.36,NULL,1984,8,27,90,9882572
733,CN,Shunhe,CNY,12/4/2018,1232.722,51.04,NULL,1987,3,16,79,88278380
734,CA,Armstrong,CAD,7/1/2017,1620.362,33.89,NULL,2023,10,1,94,38611172
735,CN,Pujiang,CNY,1/30/2000,8158.565,50.39,NULL,2023,3,19,42,24387643
736,HK,Tai Po,HKD,8/20/1999,7389.088,11.99,NULL,2000,2,6,40,89710850
737,PS,An Naşşārīyah,ILS,7/26/2020,11676.204,67.38,NULL,2001,5,9,97,47710339
738,CN,Fushun,CNY,3/13/2012,9833.8,71.06,NULL,2001,10,29,100,57655267
739,BR,Ipatinga,BRL,9/11/2023,9844.056,6.45,NULL,2020,2,14,113,19217841
740,CU,Placetas,CUP,5/14/1993,11511.563,27.51,NULL,1986,8,9,91,25611211
741,RU,Nizhniy Ufaley,RUB,11/12/2021,3279.693,83.34,NULL,1986,1,17,120,79042665
742,US,Dayton,USD,2/15/1996,2902.125,72.16,NULL,2010,6,25,49,36640567
743,PH,Tambac,PHP,12/5/2009,2818.347,31.04,NULL,2029,1,12,120,71322651
744,CN,Gaoyi,CNY,11/20/2004,3679.504,11.59,NULL,2024,9,25,35,25682227
745,MY,Ipoh,MYR,3/14/2023,11897.267,48.84,NULL,2005,7,28,59,45477820
746,GE,Gori,GEL,12/4/2023,5128.833,33.12,NULL,2015,6,10,92,30313400
747,CA,Saint-Rémi,CAD,2/22/2025,7358.248,70.31,NULL,2013,7,21,48,33265747
748,ID,Pasirangin Tiga,IDR,9/13/2020,5848.473,38.04,NULL,1984,4,29,97,6790814
749,CN,Hongjiang,CNY,12/28/1988,10104.283,61.2,NULL,2018,4,6,29,36057605
750,BA,Glamoč,BAM,6/22/2005,6606.565,23.52,NULL,1993,8,22,83,32558269
751,PE,Huacrapuquio,PEN,1/30/2019,571.405,73.51,NULL,2004,5,7,55,13882790
752,ID,Suren,IDR,1/11/2006,11136.389,10.91,NULL,2022,7,9,38,71490465
753,CN,Hengshan,CNY,2/19/2011,6771.986,43.41,NULL,2019,7,19,12,2013864
754,CN,Yajin,CNY,2/12/2007,433.995,33.8,NULL,2010,12,29,3,6885766
755,US,High Point,USD,9/30/1998,9166.715,40.19,NULL,2020,3,31,118,59251282
756,JP,Himi,JPY,1/4/1996,665.61,76.06,NULL,2006,3,13,72,45516341
757,ID,Tarub,IDR,6/23/1982,8132.225,87.79,2008-02-17 07:33:04 UTC,2008,1,3,103,85375656
758,CN,Huangdao,CNY,4/3/2011,6838.231,41.54,NULL,1988,2,23,26,18215767
759,ID,Rancanyenang,IDR,8/4/1984,2149.824,87.41,1998-10-23 08:14:08 UTC,1998,9,8,104,39980899
760,TT,Laventille,TTD,6/26/1987,10992.001,13.14,NULL,2017,2,9,6,81976811
761,CO,San Benito Abad,COP,1/28/2025,5685.106,13.12,NULL,1993,5,2,101,56512485
762,FI,Joutseno,EUR,6/23/2013,9799.784,76.93,NULL,1990,6,23,12,36155431
763,PT,Sanguinheira,EUR,4/20/2019,11730.13,11.59,NULL,2003,11,25,13,48492532
764,NO,Oslo,NOK,6/1/2016,3121.816,49.47,NULL,1984,8,1,34,68511454
765,KR,Changsu,KRW,6/1/1996,4157.121,55.5,NULL,1993,7,4,118,5091956
766,PK,Sohbatpur,PKR,11/1/1990,4162.635,22.15,NULL,1992,7,4,67,14703248
767,AR,Curuzú Cuatiá,ARS,11/8/2010,11027.449,54.46,NULL,1998,10,26,3,74852140
768,MY,Nusajaya,MYR,11/2/2010,4682.67,15.38,NULL,2006,8,31,94,33822703
769,HR,Koška,HRK,4/28/1984,753.532,58.46,NULL,2012,5,7,89,402080
770,BG,Kazanlŭk,BGN,8/5/2011,2023.635,78.43,NULL,2016,8,2,105,53092770
771,CN,Jiujie,CNY,4/28/2023,5358.629,27.45,NULL,2029,11,25,103,37623232
772,FR,Reims,EUR,7/30/2025,2578.208,48.36,NULL,2022,11,5,34,61285659
773,PT,Agualva,EUR,9/27/1992,4984.675,59.08,NULL,2010,9,20,116,84739348
774,CA,Ladysmith,CAD,6/10/2017,160.297,45.67,NULL,2007,7,24,55,7523634
775,ID,Putrajawa,IDR,3/31/2001,5178.32,61.19,NULL,2015,1,1,75,21394777
776,US,Sioux City,USD,11/14/1989,1928.748,83.39,NULL,2021,10,8,28,15146645
777,CN,Bacheng,CNY,6/21/2011,11661.465,65.65,NULL,2009,12,16,75,82281565
778,CM,Kumba,XAF,10/8/2021,10837.113,29.83,NULL,2021,9,13,55,79635720
779,PH,Digos,PHP,3/22/2003,2428.285,39.42,NULL,1993,1,14,10,18029552
780,DK,København,DKK,2/24/1985,6752.687,19.45,NULL,1996,7,18,57,11452865
781,PL,Kamień Pomorski,PLN,4/5/2006,7337.796,57.04,NULL,1984,6,3,72,27873750
782,PL,Kolbuszowa,PLN,5/18/1992,8478.34,11.48,NULL,2000,1,29,75,51783758
783,ID,Matur,IDR,7/27/1995,4555.251,12.53,NULL,2006,6,26,118,46094713
784,RU,Yutsa,RUB,2/17/1983,4890.284,40.63,NULL,2015,4,3,35,32607769
785,CN,Magutian,CNY,2/26/1994,5104.404,56.33,NULL,1993,11,1,59,88904421
786,PH,Nunguan,PHP,5/6/2010,500.579,83.97,NULL,2025,11,26,43,27680609
787,CN,Sanhe,CNY,9/1/1996,9489.912,6.88,NULL,1992,6,19,111,51537762
788,PL,Bełsznica,PLN,5/22/2006,1585.251,84.6,NULL,1997,4,26,42,75311628
789,KN,Newcastle,XCD,10/12/1994,2260.492,25.09,NULL,2018,2,1,53,22264329
790,CN,Yuyao,CNY,4/30/2011,7779.816,22.95,NULL,1998,9,27,40,40662278
791,CN,Yinhedahan’er,CNY,11/12/2024,2018.971,96.3,2008-11-28 02:50:56 UTC,2008,10,14,14,89377680
792,UG,Ntungamo,UGX,11/18/1989,473.825,43.51,NULL,1992,11,4,20,82970771
793,ID,Riung,IDR,8/8/2023,4963.835,27.66,NULL,2026,2,7,99,58497606
794,ID,Ladoang,IDR,5/4/2009,9403.336,5.97,NULL,2018,4,21,115,29140301
795,US,Shreveport,USD,5/31/2025,5769.818,21.23,NULL,2004,9,10,36,32398923
796,CN,Fuzhuang,CNY,4/25/2012,4842.354,79.92,NULL,2005,9,24,64,58143273
797,CN,Wentang,CNY,11/4/1986,8978.473,17.4,NULL,1991,2,4,107,67583462
798,GR,Géfyra,EUR,4/24/2012,6361.401,68.78,NULL,1994,10,19,92,13083306
799,TN,Akouda,TND,11/4/1998,4358.22,70.77,NULL,1992,2,26,23,41317157
800,CN,Fengshan,CNY,8/27/2020,4004.172,34.12,NULL,2000,12,26,29,80641277
801,AR,Marull,ARS,9/14/1990,1374.093,33.61,NULL,1993,1,9,46,48273732
802,PT,Cancela,EUR,11/19/2023,7449.892,89.43,2015-12-20 10:25:41 UTC,2015,11,5,98,22163667
803,PH,Bantuanon,PHP,1/25/2018,11579.831,99.28,2013-02-05 21:25:09 UTC,2012,12,22,100,83047510
804,CN,Tuqiao,CNY,10/24/1983,2735.645,6.39,NULL,2017,8,2,120,24412830
805,ID,Kademangan,IDR,5/6/2018,6841.202,52.68,NULL,2016,6,9,93,35850175
806,UA,Batiovo,UAH,10/17/1986,2884.466,24.44,NULL,2021,7,19,61,68512986
807,ZA,Carolina,ZAR,6/22/2017,5534.583,29.65,NULL,1995,4,4,62,27566992
808,CN,Tangtu,CNY,9/28/2011,1070.932,63.7,NULL,2024,3,5,34,14795155
809,CN,Sandaogou,CNY,6/8/2025,11578.092,1.71,NULL,2028,7,21,2,35145814
810,CN,Jinggan,CNY,3/18/1983,3148.649,88.11,2021-10-25 12:35:49 UTC,2021,9,10,50,23140536
811,ID,Orong,IDR,3/3/1995,4023.498,60.78,NULL,2018,9,11,44,86085401
812,FR,Paris 15,EUR,11/15/1989,8744.745,25.78,NULL,2008,6,8,70,76065721
813,ID,Oele,IDR,9/5/1994,2125.488,96.45,2016-11-28 02:28:03 UTC,2016,10,14,36,44212038
814,GR,Provatás,EUR,3/25/2023,669.589,58.61,NULL,2021,7,10,117,53196719
815,CN,Pangushan,CNY,10/9/2017,730.211,52.09,NULL,1990,3,20,53,69890872
816,CN,Xianyuan,CNY,7/21/1996,5687.182,36.11,NULL,1993,6,15,78,31765082
817,ID,Pasarbaru,IDR,9/29/2009,7641.994,11.46,NULL,2018,9,5,45,63971705
818,PL,Czarna,PLN,2/22/1983,449.903,44.07,NULL,2001,7,14,89,7293151
819,CA,Baie-D'Urfé,CAD,3/30/1991,3524.269,3.72,NULL,2013,4,11,116,65326178
820,CN,Guanlu,CNY,6/20/1994,2078.318,35.08,NULL,2019,11,5,95,63118874
821,VN,Yên Mỹ,VND,7/26/1987,7361.144,6.98,NULL,2009,1,31,113,13764832
822,CN,Huacheng,CNY,12/25/1986,4140.929,89.25,1991-05-18 02:41:15 UTC,1991,4,3,13,1012052
823,PH,Lanipao,PHP,4/23/2019,9389.246,7.83,NULL,2027,8,7,80,75998441
824,UA,Piskivka,UAH,9/22/1986,856.469,86.48,2027-07-01 12:16:15 UTC,2027,5,17,58,71455678
825,KZ,Zhambyl,KZT,3/23/1997,1786.978,47.11,NULL,1989,5,28,98,52547123
826,LU,Diekirch,EUR,1/1/2006,4929.65,0.92,NULL,2014,12,2,7,44866567
827,BR,Brasília,BRL,2/14/2004,7224.667,65.37,NULL,1991,7,16,88,63335303
828,TH,Fao Rai,THB,12/11/1992,7716.169,67.43,NULL,2016,12,8,47,58136392
829,IE,Cloyne,EUR,4/10/1985,4094.711,68.19,NULL,1992,6,18,82,14106579
830,PL,Bobowa,PLN,1/4/2022,11421.751,6.56,NULL,2017,10,14,72,88672597
831,PL,Drogomyśl,PLN,9/23/2001,3096.496,10.62,NULL,2008,7,7,60,20477855
832,ID,Klapagada,IDR,6/22/2020,12164.7,92.21,2000-01-14 11:41:32 UTC,1999,11,30,82,13810932
833,DO,Pimentel,DOP,12/13/2016,11424.91,45.49,NULL,2009,7,6,21,10820691
834,ID,Gawanan,IDR,10/28/2009,10228.083,27.08,NULL,2004,7,25,54,68845179
835,PH,Concordia,PHP,10/23/2024,304.767,30,NULL,1999,1,7,9,19397532
836,ID,Banarankrajan,IDR,1/10/2020,8031.418,42.51,NULL,2010,6,29,73,40263857
837,SA,Khamis Mushait,SAR,3/12/1998,11096.385,78.23,NULL,2017,3,19,73,88595033
838,BF,Kombissiri,XOF,9/9/2001,8836.622,9.35,NULL,2011,9,27,52,41803530
839,UZ,Beruniy,UZS,9/29/1983,7998.549,69.63,NULL,1988,12,9,25,86341852
840,DO,Otra Banda,DOP,1/23/1994,3273.529,33.78,NULL,1984,4,22,64,75839574
841,PH,Beddeng,PHP,2/14/1994,10036.214,55.51,NULL,1991,7,10,14,12060875
842,PH,Alimono,PHP,7/24/2012,4195.839,60.49,NULL,2021,9,18,16,22445174
843,RU,Novyye Gorki,RUB,10/31/2014,11786.86,50.37,NULL,2001,4,26,57,25437769
844,UZ,Kyzyldzhar,UZS,5/12/2016,7875.466,32.26,NULL,1986,3,4,19,15201590
845,RU,Vyborg,RUB,10/20/2002,6211.246,41.43,NULL,2016,3,31,34,10006152
846,PT,Monção,EUR,12/10/2015,1422.358,60.64,NULL,2028,3,18,60,56569490
847,FR,Saint-Louis,EUR,3/14/2010,11720.811,92.76,2021-08-17 21:38:57 UTC,2021,7,3,66,69508514
848,US,Waco,USD,5/15/2018,11547.151,69.87,NULL,1984,7,5,57,69111772
849,CZ,Podivín,CZK,12/21/2000,4110.795,82.11,NULL,2000,12,22,70,80535012
850,RU,Novokhopërsk,RUB,1/11/1987,10901.646,44.59,NULL,1988,4,4,15,71104128
851,RU,Skhodnya,RUB,11/5/2001,10740.924,4.66,NULL,2018,1,29,118,74630082
852,PL,Pleszew,PLN,9/29/2020,6459.01,2.1,NULL,1998,1,26,44,16902683
853,ID,Waiwejak,IDR,8/14/1986,3093.95,44.24,NULL,2013,7,9,118,58187033
854,PT,Rio de Moinhos,EUR,11/17/2000,10696.765,24.01,NULL,2009,8,21,103,41177959
855,CN,Renfengzhuang,CNY,12/21/2025,6637.518,49.71,NULL,1999,6,29,80,88282814
856,UA,Krasne,UAH,3/23/1998,6409.928,68.2,NULL,2019,5,10,89,76144558
857,CN,Dongshandi,CNY,7/14/2015,7463.237,11.84,NULL,2017,8,26,7,7026560
858,CN,Weishui,CNY,12/15/1987,296.729,9.5,NULL,2001,12,12,21,65547538
859,CN,Dongyang,CNY,8/7/2011,11236.282,11.68,NULL,2019,5,4,55,68789041
860,ID,Kota Trieng,IDR,12/26/1984,6378.765,28.93,NULL,2000,6,23,104,47886466
861,CN,Liushikou,CNY,8/13/2025,6748.329,22.98,NULL,1989,3,16,75,54122304
862,ID,Cipicung,IDR,12/23/2007,9913.529,73.25,NULL,1989,12,5,106,35024240
863,RU,Medvedok,RUB,6/22/2022,9865.04,32.03,NULL,2025,12,26,20,35675250
864,PH,Umabay,PHP,3/28/1989,4099.931,23.6,NULL,2028,6,19,115,9882825
865,CZ,Sudoměřice,CZK,8/17/2009,11604.271,36.14,NULL,2019,10,29,59,41384357
866,MX,Guadalupe,MXN,3/26/2021,531.856,0.11,NULL,2022,4,4,6,60057949
867,CN,Baoshi,CNY,3/6/2020,4313.469,26.99,NULL,2005,12,10,42,72858392
868,CN,Nanguzhuang,CNY,7/24/1988,1080.019,74.52,NULL,2021,7,22,111,35836095
869,MG,Ambositra,MGA,7/2/2019,7964.296,3.39,NULL,2005,3,2,48,50124549
870,UY,La Paz,UYU,10/15/2014,6392.701,90.85,2009-06-08 16:12:26 UTC,2009,4,24,81,51723287
871,CO,Ariguaní,COP,1/30/1985,8832.176,13.67,NULL,2025,10,14,113,78782720
872,XK,Gjilan,EUR,1/15/2022,1562.202,92.69,1995-03-24 08:32:04 UTC,1995,2,7,111,945414
873,BO,Oruro,BOB,9/13/2003,6025.679,60.79,NULL,2022,2,20,100,46802265
874,NG,Agbor,NGN,7/6/1998,11569.173,54.45,NULL,2014,3,3,41,78168156
875,JP,Tochio-honchō,JPY,6/22/2015,1719.187,63.48,NULL,1985,8,28,20,11305048
876,JP,Tokorozawa,JPY,6/18/2007,10047.586,8.49,NULL,2005,8,28,100,79917599
877,US,Joliet,USD,8/16/1996,108.531,90.93,2022-03-12 07:49:56 UTC,2022,1,26,62,23934159
878,CA,Lac-Brome,CAD,5/6/2013,5742.32,70.55,NULL,2028,4,24,74,26758621
879,JP,Sukumo,JPY,9/1/1987,8547.682,20.91,NULL,1998,9,9,67,65969289
880,CR,Guápiles,CRC,2/15/2000,9427.828,40.17,NULL,2015,2,16,30,42021191
881,CN,Longquan,CNY,6/11/2007,8981.184,74.56,NULL,2017,1,21,70,14980792
882,PL,Żoliborz,PLN,2/2/2007,3875.702,94.9,2027-10-24 22:27:14 UTC,2027,9,9,48,81243241
883,ML,Ké-Macina,XOF,7/25/2020,469.113,19.36,NULL,2008,11,1,92,12931271
884,CN,Xia Zanggor,CNY,8/28/1993,11667.363,43.47,NULL,2008,2,28,25,2141513
885,BA,Balatun,BAM,3/16/2006,4584.191,99.21,2005-10-07 12:36:42 UTC,2005,8,23,87,6769228
886,BR,Macaíba,BRL,10/14/1984,4398.618,4.07,NULL,2011,9,25,86,86395663
887,MY,Kuala Lumpur,MYR,6/3/2005,2465.884,99.04,2012-06-30 04:01:30 UTC,2012,5,16,88,12248470
888,CA,Kirkland Lake,CAD,10/15/1986,4193.753,72.32,NULL,2011,11,2,107,2396838
889,CO,Mogotes,COP,10/4/2008,11855.16,19.55,NULL,2007,2,28,14,52053991
890,CN,Tianhe,CNY,8/3/2007,5152.46,25.59,NULL,1999,5,28,82,8615574
891,JO,Zarqa,JOD,6/19/2002,547.596,43.01,NULL,2007,2,16,26,8414612
892,CZ,Heřmanova Huť,CZK,5/12/2010,3956.67,7.6,NULL,2022,5,31,89,39805970
893,ID,Cungkal,IDR,10/23/2012,10414.925,8.89,NULL,2027,1,20,21,13056761
894,KH,Sisŏphŏn,KHR,12/14/2022,3431.426,1.71,NULL,1999,4,11,84,83107689
895,MY,Ipoh,MYR,5/30/2023,9772.775,26.75,NULL,2019,9,6,3,80499839
896,ZW,Dorowa Mining Lease,ZWL,9/24/1992,7730.611,18.11,NULL,2006,3,3,92,37014950
897,PL,Popielów,PLN,11/13/2023,2090.704,50.29,NULL,1991,10,5,74,22943593
898,ET,Wendo,ETB,9/7/2003,6647.517,60.82,NULL,2006,7,19,42,46481819
899,RU,Khvalynsk,RUB,9/6/2008,7456.463,76.22,NULL,2016,10,13,95,45780936
900,RU,Borovichi,RUB,11/8/2016,2602.931,24.91,NULL,2005,3,1,90,32971385
901,SE,Enköping,SEK,3/11/2014,7159.808,15.73,NULL,2022,9,17,5,56147181
902,FR,Gap,EUR,8/28/2019,2080.875,72.64,NULL,1990,5,19,70,77400821
903,PH,Prosperidad,PHP,4/10/1993,9229.403,23.52,NULL,2023,10,23,66,69879036
904,SI,Dornava,EUR,6/1/2004,2531.376,30.48,NULL,1998,3,9,71,74224366
905,PE,Lampa,PEN,5/20/1992,2204.92,8.33,NULL,2002,9,12,100,35605231
906,TN,Ben Arous,TND,3/21/2010,11289.92,69.84,NULL,1997,6,10,94,62054039
907,CZ,Těšetice,CZK,4/15/2022,9555.874,54.84,NULL,1984,3,26,103,62210077
908,BG,Tvŭrditsa,BGN,12/17/2021,1903.306,42.34,NULL,2018,8,24,88,37115368
909,PE,Jilili,PEN,1/28/1989,5872.512,99.79,1990-11-22 10:01:00 UTC,1990,10,8,115,75562330
910,RU,Chuguyevka,RUB,11/27/2016,8294.08,17.54,NULL,2026,9,15,66,37909990
911,CN,Daweishan,CNY,9/17/2006,11751.496,53.56,NULL,2021,9,27,10,40875280
912,VN,Buôn Ma Thuột,VND,8/1/2003,4326.234,33.27,NULL,1996,2,3,68,41330306
913,ZA,Winburg,ZAR,5/30/1982,8985.164,70.75,NULL,2000,11,24,2,89146232
914,MK,Неготино,MKD,9/17/2015,8080.735,30.85,NULL,1988,12,12,3,87659863
915,US,Los Angeles,USD,9/29/2023,7361.885,77.21,NULL,2000,7,19,29,68194058
916,PS,Masḩah,ILS,2/9/2019,2483.367,29.87,NULL,1998,10,23,14,27317416
917,TH,Kaeng Khoi,THB,6/2/2023,7093.648,73.25,NULL,2024,2,17,104,5731030
918,JP,Uozu,JPY,3/22/1990,4554.452,57.41,NULL,1997,10,11,65,11584796
919,AR,El Colorado,ARS,2/1/2017,951.983,47.03,NULL,2001,5,1,77,85840093
920,RU,Murom,RUB,1/17/2006,2964.1,14.36,NULL,2019,5,22,69,55512119
921,CN,Baiyashi,CNY,7/23/1992,7967.296,26.11,NULL,2026,5,21,15,14725920
922,ID,Klau,IDR,11/25/2020,6992.034,31,NULL,2004,4,14,11,19718588
923,RU,Popovo,RUB,11/10/1996,7726.65,46.77,NULL,1998,2,4,81,34441575
924,ID,Lembur Tengah,IDR,8/26/2022,8841.638,71.76,NULL,1999,1,29,17,6969557
925,SL,Baiima,SLL,10/18/1997,3256.95,90.71,2017-09-18 06:35:46 UTC,2017,8,4,97,4186718
926,PT,Figueira,EUR,5/26/2005,5694.657,58.23,NULL,2014,2,22,19,74812445
927,ID,Negararatu,IDR,1/27/2015,10499.249,11.76,NULL,1995,10,31,29,71166124
928,ID,Paciran,IDR,1/3/1985,3197.781,53.9,NULL,2029,9,5,11,38775704
929,BR,Olinda,BRL,5/9/2010,10089.222,53.47,NULL,2002,7,15,3,56879845
930,JP,Chino,JPY,9/5/2006,1112.631,4.76,NULL,2017,8,3,82,33530169
931,PL,Wiązownica,PLN,7/6/2018,6352.461,78.95,NULL,1991,6,4,76,16159647
932,ID,Karangpeton,IDR,4/25/1996,1422.456,1.58,NULL,2022,12,29,59,88146609
933,MN,Hüremt,MNT,2/24/1986,3042.745,0.34,NULL,1988,6,14,98,30414018
934,CZ,Lochovice,CZK,2/20/2020,2962.657,47.5,NULL,2000,6,4,104,11308825
935,ID,Kuncen,IDR,6/28/1991,2433.714,69.67,NULL,2003,3,31,36,83465854
936,SI,Zabukovica,EUR,11/27/2000,6883.362,46.3,NULL,2007,1,1,28,43946707
937,PS,Ūdalah,ILS,4/13/2003,6284.255,30.98,NULL,2024,7,18,55,74890171
938,JP,Mitsuke,JPY,2/11/2020,7138.834,89.5,2000-03-27 08:06:38 UTC,2000,2,11,96,3382841
939,CN,Yujiawu,CNY,7/23/1998,2719.119,66.74,NULL,2016,8,5,74,20242184
940,BW,Lokwabe,BWP,10/6/1988,11122.822,17.24,NULL,2010,6,2,43,12579215
941,PT,Alvalade,EUR,7/5/1994,4415.036,67.98,NULL,1984,4,22,117,28494794
942,RU,Gur’yevsk,RUB,11/2/1993,1918.917,59.44,NULL,2020,2,7,99,56327653
943,SE,Karlskoga,SEK,5/2/1995,11522.801,37.24,NULL,2009,12,4,26,46313768
944,ID,Cibinong,IDR,5/31/1995,8515.412,45.18,NULL,1988,8,7,109,88005369
945,EG,Al Ḩāmūl,EGP,7/29/1984,12039.314,77.06,NULL,1996,9,8,96,75769136
946,CN,Shizong,CNY,7/18/1986,3912.392,92.12,1998-09-26 14:23:59 UTC,1998,8,12,106,60757734
947,UA,Soledar,UAH,1/25/2021,351.134,46.03,NULL,1987,1,15,108,58808422
948,CZ,Hostouň,CZK,11/19/1994,1083.428,80.06,NULL,1990,10,8,24,86682725
949,DE,Berlin,EUR,12/2/2008,9985.978,32.23,NULL,2016,4,18,105,81046943
950,TZ,Singida,TZS,8/1/1999,9360.845,19.68,NULL,2027,6,26,80,25691495
951,BR,Diamantino,BRL,7/28/1986,1624.07,77.72,NULL,2025,8,14,72,68344163
952,ID,Kadugadung,IDR,2/3/2005,4130.926,48.29,NULL,2011,12,14,70,14246393
953,PL,Parczew,PLN,11/16/1994,6676.205,99.91,2014-10-07 17:10:03 UTC,2014,8,23,110,36216983
954,CN,Jiazi,CNY,11/14/1982,2165.086,47.53,NULL,2001,5,21,99,67585080
955,MY,Melaka,MYR,1/27/2007,3917.621,10.26,NULL,2002,4,12,90,9841476
956,GR,Akriní,EUR,7/26/2017,3705.792,98.41,2002-10-26 19:47:07 UTC,2002,9,11,107,77532468
957,PL,Strawczyn,PLN,3/4/1992,1051.48,46.35,NULL,1988,3,2,83,55291917
958,BO,Camatindi,BOB,4/18/2011,1416.77,87.96,2004-04-24 03:10:17 UTC,2004,3,10,58,25755793
959,HR,Petrijevci,HRK,4/12/2018,11638.744,36.74,NULL,2000,3,13,48,12136244
960,HR,Lužani,HRK,2/18/2009,5316.9,51.65,NULL,2010,9,27,36,71157838
961,PK,Mīrwāh Gorchani,PKR,6/6/2021,3330.021,63.11,NULL,2010,3,26,21,46411199
962,PH,Aurora,PHP,12/5/2023,9696.249,57.06,NULL,2024,10,12,85,68990356
963,US,Ocala,USD,6/24/1994,10772.45,34.26,NULL,2006,11,14,67,40003571
964,ID,Lahat,IDR,2/20/1999,5483.124,31.85,NULL,1996,2,26,106,12322597
965,CN,Jiangwan,CNY,12/10/2016,287.676,36.46,NULL,2022,9,3,28,70266905
966,GB,East End,GBP,8/4/1997,8012.528,16.84,NULL,1991,5,9,101,35455242
967,BR,Sapucaia,BRL,9/5/1989,859.641,41,NULL,1988,11,22,18,64351974
968,PS,Yāsūf,ILS,11/7/1985,9798.631,96,1988-07-25 00:50:04 UTC,1988,6,10,79,71891595
969,RU,Miskindzha,RUB,5/31/2003,10508.219,94.85,2028-06-16 05:40:21 UTC,2028,5,2,91,63847547
970,PH,Loay,PHP,10/13/2015,5710.745,78.58,NULL,2016,9,4,27,87358699
971,FR,Arras,EUR,12/25/2017,9767.762,80.74,NULL,2001,4,19,66,13700129
972,CA,Smiths Falls,CAD,8/27/2012,3148.234,23.98,NULL,2021,11,11,97,4741288
973,ID,Cipanggung,IDR,9/12/2007,6622.01,66.97,NULL,1987,11,18,84,41922826
974,NG,Yola,NGN,1/18/2008,1007.004,47.36,NULL,2001,5,8,34,80248758
975,PL,Okocim,PLN,11/2/2009,3488.289,24.16,NULL,1996,8,20,67,78744341
976,PH,Biñan,PHP,3/18/2007,2566.451,71.58,NULL,1984,10,23,8,20211146
977,BR,Salgado,BRL,7/12/2009,4150.392,54.13,NULL,2020,10,16,29,26998075
978,YE,Qaryat al Qābil,YER,10/25/2021,3503.678,79.16,NULL,1990,3,29,76,26299804
979,LV,Daugavgrīva,EUR,8/9/1994,1010.176,12.09,NULL,2003,2,28,45,66614328
980,BY,Minsk,BYR,11/7/1990,7765.053,80.98,NULL,1995,8,30,34,11908600
981,MY,Kuala Lumpur,MYR,10/12/1994,9749.983,60.66,NULL,2020,10,18,106,53151845
982,NL,Brunssum,EUR,7/11/2014,7708.955,51.96,NULL,1987,2,3,13,547583
983,KZ,Baykonyr,KZT,11/26/1998,9719.904,25.18,NULL,1987,3,15,37,86694897
984,PH,Danao,PHP,9/1/2024,7589.11,25.63,NULL,2025,3,7,41,67594658
985,IR,Farīmān,IRR,8/3/1997,963.109,57.22,NULL,2019,9,26,42,28085482
986,CR,San Francisco,CRC,10/14/2021,11017.107,47.63,NULL,2002,2,23,15,28984552
987,NP,Kathmandu,NPR,2/6/2017,4999.294,17.76,NULL,2011,8,22,111,89795383
988,MM,Nay Pyi Taw,MMK,9/22/1992,1260.25,38.12,NULL,1985,2,6,15,77010993
989,NL,Schiedam postbusnummers,EUR,5/5/1991,1314.739,91.09,2007-08-05 08:55:36 UTC,2007,6,21,33,86349599
990,PH,Tayug,PHP,1/12/2013,3031.848,0.69,NULL,1989,9,3,3,11238348
991,ID,Bakan,IDR,6/3/1984,11390.636,14.82,NULL,1990,3,31,59,45179576
992,AM,Lerrnanist,AMD,1/25/2005,2713.296,42.34,NULL,2002,5,2,95,77065730
993,PE,Longuita,PEN,11/20/1985,501.887,85.68,2002-04-20 12:53:12 UTC,2002,3,6,45,34640399
994,CN,Zhonghouhe,CNY,1/20/1997,2473.566,71.87,NULL,1992,6,1,35,58904465
995,AM,Aygek,AMD,4/15/2009,1422.315,16.58,NULL,2009,4,6,5,19123942
996,SY,Barrī ash Sharqī,SYP,5/30/2017,9655.432,28.6,NULL,2014,12,9,119,70466958
997,CN,Beiping,CNY,9/1/1994,4191.393,44.73,NULL,2005,1,12,7,62898002
998,PT,Serra da Boa Viagem,EUR,5/7/1997,232.908,16.58,NULL,1997,6,29,44,6257968
999,PH,Luzon,PHP,4/15/2016,10551.925,86.93,2018-03-08 20:59:59 UTC,2018,1,22,58,70697039
1000,RU,Kayasula,RUB,3/6/2004,10465.857,68.87,NULL,2011,6,8,48,13762180
